mix_type,mix,cpu,trace,ipc,instructions,cycles,time_ms,time_us
mix32,mix32_1,0,644.nab_s-7928B.champsimtrace.xz,2.09,200000000,95673790,23.335071,23335.071
mix32,mix32_1,1,600.perlbench_s-210B.champsimtrace.xz,2.675,200000005,74770482,18.236703,18236.703
mix32,mix32_1,2,625.x264_s-12B.champsimtrace.xz,4.613,200000000,43357197,10.574926,10574.926
mix32,mix32_1,3,623.xalancbmk_s-325B.champsimtrace.xz,1.348,200000002,148327535,36.177448,36177.448
mix32,mix32_1,4,648.exchange2_s-1699B.champsimtrace.xz,3.948,200000004,50656272,12.355188,12355.188
mix32,mix32_1,5,648.exchange2_s-1227B.champsimtrace.xz,3.647,200000005,54842196,13.376145,13376.145
mix32,mix32_1,6,654.roms_s-1021B.champsimtrace.xz,3.052,200000004,65529556,15.982819,15982.819
mix32,mix32_1,7,603.bwaves_s-5359B.champsimtrace.xz,3.555,200000002,56259182,13.721752,13721.752
mix32,mix32_1,8,638.imagick_s-10316B.champsimtrace.xz,4.662,200000001,42897319,10.462761,10462.761
mix32,mix32_1,9,600.perlbench_s-210B.champsimtrace.xz,2.673,200000002,74835057,18.252453,18252.453
mix32,mix32_1,10,623.xalancbmk_s-325B.champsimtrace.xz,1.347,200000000,148432250,36.202988,36202.988
mix32,mix32_1,11,641.leela_s-149B.champsimtrace.xz,1.851,200000000,108030241,26.348839,26348.839
mix32,mix32_1,12,600.perlbench_s-210B.champsimtrace.xz,2.675,200000004,74755419,18.233029,18233.029
mix32,mix32_1,13,621.wrf_s-8100B.champsimtrace.xz,1.374,200000001,145603727,35.513104,35513.104
mix32,mix32_1,14,644.nab_s-7928B.champsimtrace.xz,2.09,200000001,95689225,23.338835,23338.835
mix32,mix32_1,15,641.leela_s-602B.champsimtrace.xz,1.742,200000004,114789802,27.997513,27997.513
mix32,mix32_1,16,623.xalancbmk_s-325B.champsimtrace.xz,1.326,200000002,150780288,36.77568,36775.68
mix32,mix32_1,17,644.nab_s-12459B.champsimtrace.xz,3.057,200000004,65433036,15.959277,15959.277
mix32,mix32_1,18,648.exchange2_s-387B.champsimtrace.xz,3.347,200000000,59746409,14.572295,14572.295
mix32,mix32_1,19,600.perlbench_s-1273B.champsimtrace.xz,2.666,200000001,75029259,18.299819,18299.819
mix32,mix32_1,20,648.exchange2_s-387B.champsimtrace.xz,3.347,200000003,59746273,14.572262,14572.262
mix32,mix32_1,21,648.exchange2_s-1247B.champsimtrace.xz,3.897,200000001,51322951,12.517793,12517.793
mix32,mix32_1,22,625.x264_s-39B.champsimtrace.xz,3.445,200000000,58049356,14.15838,14158.38
mix32,mix32_1,23,607.cactuBSSN_s-4248B.champsimtrace.xz,4.59,200000005,43576716,10.628467,10628.467
mix32,mix32_1,24,657.xz_s-3167B.champsimtrace.xz,1.66,200000004,120517545,29.394523,29394.523
mix32,mix32_1,25,625.x264_s-39B.champsimtrace.xz,3.449,200000002,57984197,14.142487,14142.487
mix32,mix32_1,26,603.bwaves_s-5359B.champsimtrace.xz,3.555,200000000,56251312,13.719832,13719.832
mix32,mix32_1,27,603.bwaves_s-5359B.champsimtrace.xz,3.555,200000000,56254439,13.720595,13720.595
mix32,mix32_1,28,649.fotonik3d_s-1B.champsimtrace.xz,3.131,200000001,63871895,15.578511,15578.511
mix32,mix32_1,29,644.nab_s-12521B.champsimtrace.xz,2.677,200000005,74700646,18.21967,18219.67
mix32,mix32_1,30,648.exchange2_s-387B.champsimtrace.xz,3.345,200000005,59793009,14.583661,14583.661
mix32,mix32_1,31,648.exchange2_s-1699B.champsimtrace.xz,3.949,200000002,50648313,12.353247,12353.247
mix32,mix32_10,0,638.imagick_s-10316B.champsimtrace.xz,4.655,200000000,42962443,10.478645,10478.645
mix32,mix32_10,1,625.x264_s-18B.champsimtrace.xz,3.624,200000004,55185434,13.459862,13459.862
mix32,mix32_10,2,600.perlbench_s-1273B.champsimtrace.xz,2.636,200000001,75876342,18.506425,18506.425
mix32,mix32_10,3,648.exchange2_s-210B.champsimtrace.xz,3.854,200000005,51897098,12.657829,12657.829
mix32,mix32_10,4,644.nab_s-5853B.champsimtrace.xz,1.467,200000000,136371148,33.261256,33261.256
mix32,mix32_10,5,625.x264_s-12B.champsimtrace.xz,4.489,200000000,44555094,10.867096,10867.096
mix32,mix32_10,6,648.exchange2_s-1699B.champsimtrace.xz,3.952,200000006,50612141,12.344425,12344.425
mix32,mix32_10,7,641.leela_s-602B.champsimtrace.xz,1.728,200000000,115726093,28.225876,28225.876
mix32,mix32_10,8,638.imagick_s-10316B.champsimtrace.xz,4.659,200000004,42925713,10.469686,10469.686
mix32,mix32_10,9,600.perlbench_s-1273B.champsimtrace.xz,2.632,200000003,75995590,18.53551,18535.51
mix32,mix32_10,10,603.bwaves_s-3699B.champsimtrace.xz,3.562,200000001,56144756,13.693843,13693.843
mix32,mix32_10,11,654.roms_s-1021B.champsimtrace.xz,2.87,200000000,69674578,16.9938,16993.8
mix32,mix32_10,12,654.roms_s-1613B.champsimtrace.xz,1.286,200000006,155499288,37.926656,37926.656
mix32,mix32_10,13,641.leela_s-602B.champsimtrace.xz,1.727,200000000,115804479,28.244995,28244.995
mix32,mix32_10,14,648.exchange2_s-72B.champsimtrace.xz,3.918,200000000,51043568,12.449651,12449.651
mix32,mix32_10,15,641.leela_s-862B.champsimtrace.xz,1.877,200000001,106561171,25.99053,25990.53
mix32,mix32_10,16,607.cactuBSSN_s-4004B.champsimtrace.xz,2.359,200000002,84775500,20.676951,20676.951
mix32,mix32_10,17,607.cactuBSSN_s-3477B.champsimtrace.xz,2.45,200000002,81621046,19.907572,19907.572
mix32,mix32_10,18,625.x264_s-20B.champsimtrace.xz,3.985,200000003,50184294,12.240072,12240.072
mix32,mix32_10,19,654.roms_s-1613B.champsimtrace.xz,1.283,200000001,155885420,38.020834,38020.834
mix32,mix32_10,20,648.exchange2_s-387B.champsimtrace.xz,3.347,200000000,59760405,14.575709,14575.709
mix32,mix32_10,21,649.fotonik3d_s-1B.champsimtrace.xz,3.127,200000000,63949996,15.59756,15597.56
mix32,mix32_10,22,654.roms_s-1613B.champsimtrace.xz,1.283,200000004,155869004,38.01683,38016.83
mix32,mix32_10,23,623.xalancbmk_s-325B.champsimtrace.xz,1.289,200000001,155144252,37.840061,37840.061
mix32,mix32_10,24,623.xalancbmk_s-700B.champsimtrace.xz,0.9966,200000002,200686987,48.948046,48948.046
mix32,mix32_10,25,603.bwaves_s-5359B.champsimtrace.xz,3.553,200000001,56297897,13.731194,13731.194
mix32,mix32_10,26,648.exchange2_s-353B.champsimtrace.xz,3.703,200000003,54017418,13.17498,13174.98
mix32,mix32_10,27,654.roms_s-1021B.champsimtrace.xz,2.788,200000002,71729793,17.495071,17495.071
mix32,mix32_10,28,631.deepsjeng_s-928B.champsimtrace.xz,1.433,200000000,139595358,34.047648,34047.648
mix32,mix32_10,29,644.nab_s-12521B.champsimtrace.xz,2.637,200000001,75842832,18.498252,18498.252
mix32,mix32_10,30,607.cactuBSSN_s-4004B.champsimtrace.xz,2.342,200000001,85391061,20.827088,20827.088
mix32,mix32_10,31,654.roms_s-293B.champsimtrace.xz,2.036,200000006,98219078,23.955873,23955.873
mix32,mix32_2,0,641.leela_s-602B.champsimtrace.xz,1.721,200000000,116242570,28.351846,28351.846
mix32,mix32_2,1,657.xz_s-4994B.champsimtrace.xz,1.772,200000004,112892360,27.534722,27534.722
mix32,mix32_2,2,627.cam4_s-573B.champsimtrace.xz,1.743,200000000,114714649,27.979183,27979.183
mix32,mix32_2,3,641.leela_s-800B.champsimtrace.xz,1.771,200000001,112912948,27.539743,27539.743
mix32,mix32_2,4,648.exchange2_s-72B.champsimtrace.xz,3.916,200000000,51076140,12.457595,12457.595
mix32,mix32_2,5,644.nab_s-12521B.champsimtrace.xz,2.606,200000000,76735032,18.715861,18715.861
mix32,mix32_2,6,649.fotonik3d_s-1B.champsimtrace.xz,3.131,200000004,63873351,15.578866,15578.866
mix32,mix32_2,7,641.leela_s-862B.champsimtrace.xz,1.875,200000000,106668345,26.01667,26016.67
mix32,mix32_2,8,648.exchange2_s-1247B.champsimtrace.xz,3.89,200000004,51412047,12.539524,12539.524
mix32,mix32_2,9,600.perlbench_s-570B.champsimtrace.xz,1.267,200000005,157859179,38.502239,38502.239
mix32,mix32_2,10,623.xalancbmk_s-592B.champsimtrace.xz,1.046,200000003,191237840,46.643376,46643.376
mix32,mix32_2,11,625.x264_s-18B.champsimtrace.xz,3.524,200000002,56758133,13.843447,13843.447
mix32,mix32_2,12,603.bwaves_s-3699B.champsimtrace.xz,3.557,200000005,56231724,13.715055,13715.055
mix32,mix32_2,13,623.xalancbmk_s-592B.champsimtrace.xz,1.071,200000003,186746488,45.547924,45547.924
mix32,mix32_2,14,603.bwaves_s-5359B.champsimtrace.xz,3.55,200000003,56331109,13.739295,13739.295
mix32,mix32_2,15,625.x264_s-18B.champsimtrace.xz,3.521,200000007,56808311,13.855686,13855.686
mix32,mix32_2,16,644.nab_s-5853B.champsimtrace.xz,1.463,200000000,136724731,33.347495,33347.495
mix32,mix32_2,17,627.cam4_s-573B.champsimtrace.xz,1.747,200000002,114468622,27.919176,27919.176
mix32,mix32_2,18,627.cam4_s-573B.champsimtrace.xz,1.745,200000000,114617176,27.955409,27955.409
mix32,mix32_2,19,623.xalancbmk_s-325B.champsimtrace.xz,1.253,200000001,159618712,38.931393,38931.393
mix32,mix32_2,20,625.x264_s-12B.champsimtrace.xz,4.398,200000002,45480249,11.092744,11092.744
mix32,mix32_2,21,654.roms_s-842B.champsimtrace.xz,2.691,200000006,74329852,18.129232,18129.232
mix32,mix32_2,22,644.nab_s-7928B.champsimtrace.xz,2.053,200000000,97432565,23.76404,23764.04
mix32,mix32_2,23,644.nab_s-12521B.champsimtrace.xz,2.607,200000004,76716880,18.711434,18711.434
mix32,mix32_2,24,607.cactuBSSN_s-4248B.champsimtrace.xz,4.424,200000002,45204474,11.025481,11025.481
mix32,mix32_2,25,648.exchange2_s-1699B.champsimtrace.xz,3.945,200000007,50702046,12.366353,12366.353
mix32,mix32_2,26,607.cactuBSSN_s-4248B.champsimtrace.xz,4.425,200000000,45198214,11.023955,11023.955
mix32,mix32_2,27,628.pop2_s-17B.champsimtrace.xz,2.366,200000001,84523752,20.615549,20615.549
mix32,mix32_2,28,657.xz_s-56B.champsimtrace.xz,2.765,200000000,72323888,17.639973,17639.973
mix32,mix32_2,29,644.nab_s-7928B.champsimtrace.xz,2.052,200000000,97446340,23.7674,23767.4
mix32,mix32_2,30,641.leela_s-800B.champsimtrace.xz,1.764,200000001,113348057,27.645868,27645.868
mix32,mix32_2,31,648.exchange2_s-1227B.champsimtrace.xz,3.646,200000007,54858871,13.380212,13380.212
mix32,mix32_3,0,648.exchange2_s-72B.champsimtrace.xz,3.918,200000001,51043664,12.449674,12449.674
mix32,mix32_3,1,648.exchange2_s-353B.champsimtrace.xz,3.701,200000007,54040615,13.180638,13180.638
mix32,mix32_3,2,623.xalancbmk_s-592B.champsimtrace.xz,1.072,200000002,186563938,45.5034,45503.4
mix32,mix32_3,3,600.perlbench_s-210B.champsimtrace.xz,2.648,200000005,75540160,18.424429,18424.429
mix32,mix32_3,4,625.x264_s-33B.champsimtrace.xz,4.282,200000002,46704047,11.391231,11391.231
mix32,mix32_3,5,625.x264_s-12B.champsimtrace.xz,4.46,200000002,44838205,10.936148,10936.148
mix32,mix32_3,6,623.xalancbmk_s-325B.champsimtrace.xz,1.263,200000004,158373775,38.62775,38627.75
mix32,mix32_3,7,654.roms_s-842B.champsimtrace.xz,2.677,200000006,74698407,18.219124,18219.124
mix32,mix32_3,8,654.roms_s-1007B.champsimtrace.xz,1.127,200000007,177423241,43.273961,43273.961
mix32,mix32_3,9,625.x264_s-33B.champsimtrace.xz,4.277,200000002,46760078,11.404897,11404.897
mix32,mix32_3,10,644.nab_s-9322B.champsimtrace.xz,1.635,200000003,122326733,29.835789,29835.789
mix32,mix32_3,11,628.pop2_s-17B.champsimtrace.xz,2.331,200000006,85817927,20.931202,20931.202
mix32,mix32_3,12,654.roms_s-293B.champsimtrace.xz,1.933,200000003,103440463,25.229381,25229.381
mix32,mix32_3,13,638.imagick_s-824B.champsimtrace.xz,1.824,200000005,109663132,26.747105,26747.105
mix32,mix32_3,14,625.x264_s-12B.champsimtrace.xz,4.455,200000006,44891914,10.949247,10949.247
mix32,mix32_3,15,623.xalancbmk_s-700B.champsimtrace.xz,0.9616,200000001,207987538,50.728668,50728.668
mix32,mix32_3,16,641.leela_s-800B.champsimtrace.xz,1.803,200000000,110902577,27.049409,27049.409
mix32,mix32_3,17,625.x264_s-12B.champsimtrace.xz,4.457,200000001,44873863,10.944845,10944.845
mix32,mix32_3,18,641.leela_s-862B.champsimtrace.xz,1.876,200000001,106594924,25.998762,25998.762
mix32,mix32_3,19,654.roms_s-1613B.champsimtrace.xz,1.288,200000000,155293739,37.876522,37876.522
mix32,mix32_3,20,631.deepsjeng_s-928B.champsimtrace.xz,1.364,200000000,146601005,35.756343,35756.343
mix32,mix32_3,21,623.xalancbmk_s-325B.champsimtrace.xz,1.262,200000002,158438731,38.643593,38643.593
mix32,mix32_3,22,657.xz_s-56B.champsimtrace.xz,2.766,200000003,72317686,17.63846,17638.46
mix32,mix32_3,23,641.leela_s-149B.champsimtrace.xz,1.847,200000001,108310712,26.417247,26417.247
mix32,mix32_3,24,603.bwaves_s-5359B.champsimtrace.xz,3.551,200000000,56325676,13.73797,13737.97
mix32,mix32_3,25,600.perlbench_s-570B.champsimtrace.xz,1.285,200000000,155628431,37.958154,37958.154
mix32,mix32_3,26,607.cactuBSSN_s-2421B.champsimtrace.xz,1.289,200000001,155173976,37.847311,37847.311
mix32,mix32_3,27,644.nab_s-5853B.champsimtrace.xz,1.463,200000007,136691686,33.339436,33339.436
mix32,mix32_3,28,648.exchange2_s-353B.champsimtrace.xz,3.701,200000000,54038517,13.180126,13180.126
mix32,mix32_3,29,638.imagick_s-10316B.champsimtrace.xz,4.654,200000007,42971402,10.48083,10480.83
mix32,mix32_3,30,603.bwaves_s-1080B.champsimtrace.xz,3.496,200000001,57202869,13.951919,13951.919
mix32,mix32_3,31,628.pop2_s-17B.champsimtrace.xz,2.322,200000001,86136748,21.008963,21008.963
mix32,mix32_4,0,657.xz_s-56B.champsimtrace.xz,2.77,200000000,72197810,17.609222,17609.222
mix32,mix32_4,1,641.leela_s-334B.champsimtrace.xz,1.869,200000004,106997105,26.096855,26096.855
mix32,mix32_4,2,657.xz_s-4994B.champsimtrace.xz,1.798,200000003,111244356,27.13277,27132.77
mix32,mix32_4,3,649.fotonik3d_s-1B.champsimtrace.xz,3.131,200000004,63872003,15.578537,15578.537
mix32,mix32_4,4,600.perlbench_s-1273B.champsimtrace.xz,2.634,200000002,75936705,18.521148,18521.148
mix32,mix32_4,5,648.exchange2_s-1511B.champsimtrace.xz,3.947,200000004,50666027,12.357568,12357.568
mix32,mix32_4,6,648.exchange2_s-1227B.champsimtrace.xz,3.646,200000003,54848355,13.377648,13377.648
mix32,mix32_4,7,641.leela_s-602B.champsimtrace.xz,1.728,200000005,115764509,28.235246,28235.246
mix32,mix32_4,8,625.x264_s-12B.champsimtrace.xz,4.518,200000002,44269129,10.797349,10797.349
mix32,mix32_4,9,644.nab_s-7928B.champsimtrace.xz,2.066,200000003,96807891,23.611681,23611.681
mix32,mix32_4,10,607.cactuBSSN_s-2421B.champsimtrace.xz,1.425,200000005,140374974,34.237799,34237.799
mix32,mix32_4,11,638.imagick_s-4128B.champsimtrace.xz,4.172,200000000,47933638,11.691131,11691.131
mix32,mix32_4,12,638.imagick_s-824B.champsimtrace.xz,1.825,200000001,109585943,26.728279,26728.279
mix32,mix32_4,13,657.xz_s-3167B.champsimtrace.xz,1.302,200000000,153585292,37.459827,37459.827
mix32,mix32_4,14,654.roms_s-1007B.champsimtrace.xz,1.138,200000000,175789426,42.87547,42875.47
mix32,mix32_4,15,625.x264_s-12B.champsimtrace.xz,4.527,200000000,44182105,10.776123,10776.123
mix32,mix32_4,16,641.leela_s-149B.champsimtrace.xz,1.848,200000000,108225547,26.396475,26396.475
mix32,mix32_4,17,621.wrf_s-575B.champsimtrace.xz,1.437,200000002,139157213,33.940784,33940.784
mix32,mix32_4,18,654.roms_s-1613B.champsimtrace.xz,1.304,200000007,153367903,37.406806,37406.806
mix32,mix32_4,19,654.roms_s-1007B.champsimtrace.xz,1.124,200000006,177994618,43.413321,43413.321
mix32,mix32_4,20,625.x264_s-20B.champsimtrace.xz,4.01,200000005,49881133,12.16613,12166.13
mix32,mix32_4,21,644.nab_s-7928B.champsimtrace.xz,2.066,200000002,96795355,23.608623,23608.623
mix32,mix32_4,22,644.nab_s-12521B.champsimtrace.xz,2.635,200000001,75892144,18.510279,18510.279
mix32,mix32_4,23,607.cactuBSSN_s-4004B.champsimtrace.xz,2.342,200000003,85409145,20.831499,20831.499
mix32,mix32_4,24,648.exchange2_s-210B.champsimtrace.xz,3.854,200000001,51900495,12.658657,12658.657
mix32,mix32_4,25,641.leela_s-602B.champsimtrace.xz,1.726,200000004,115871526,28.261348,28261.348
mix32,mix32_4,26,648.exchange2_s-353B.champsimtrace.xz,3.702,200000004,54019861,13.175576,13175.576
mix32,mix32_4,27,641.leela_s-334B.champsimtrace.xz,1.868,200000005,107065776,26.113604,26113.604
mix32,mix32_4,28,600.perlbench_s-1273B.champsimtrace.xz,2.633,200000001,75965318,18.528126,18528.126
mix32,mix32_4,29,625.x264_s-33B.champsimtrace.xz,4.357,200000005,45902282,11.195679,11195.679
mix32,mix32_4,30,600.perlbench_s-210B.champsimtrace.xz,2.656,200000000,75294018,18.364395,18364.395
mix32,mix32_4,31,654.roms_s-293B.champsimtrace.xz,2.035,200000004,98294171,23.974188,23974.188
mix32,mix32_5,0,654.roms_s-1007B.champsimtrace.xz,1.102,200000007,181496754,44.267501,44267.501
mix32,mix32_5,1,648.exchange2_s-72B.champsimtrace.xz,3.912,200000000,51121689,12.468705,12468.705
mix32,mix32_5,2,625.x264_s-20B.champsimtrace.xz,4.029,200000005,49645118,12.108565,12108.565
mix32,mix32_5,3,603.bwaves_s-1080B.champsimtrace.xz,3.5,200000000,57136110,13.935637,13935.637
mix32,mix32_5,4,654.roms_s-1007B.champsimtrace.xz,1.102,200000004,181530001,44.27561,44275.61
mix32,mix32_5,5,654.roms_s-842B.champsimtrace.xz,2.698,200000001,74133843,18.081425,18081.425
mix32,mix32_5,6,603.bwaves_s-3699B.champsimtrace.xz,3.564,200000002,56124144,13.688816,13688.816
mix32,mix32_5,7,641.leela_s-1083B.champsimtrace.xz,1.353,200000000,147820569,36.053797,36053.797
mix32,mix32_5,8,603.bwaves_s-3699B.champsimtrace.xz,3.559,200000002,56202026,13.707811,13707.811
mix32,mix32_5,9,648.exchange2_s-210B.champsimtrace.xz,3.847,200000006,51992033,12.680984,12680.984
mix32,mix32_5,10,648.exchange2_s-210B.champsimtrace.xz,3.854,200000002,51891689,12.65651,12656.51
mix32,mix32_5,11,607.cactuBSSN_s-3477B.champsimtrace.xz,2.489,200000002,80362111,19.600515,19600.515
mix32,mix32_5,12,641.leela_s-1052B.champsimtrace.xz,1.859,200000003,107571246,26.236889,26236.889
mix32,mix32_5,13,641.leela_s-602B.champsimtrace.xz,1.73,200000003,115623598,28.200878,28200.878
mix32,mix32_5,14,625.x264_s-12B.champsimtrace.xz,4.57,200000004,43763079,10.673922,10673.922
mix32,mix32_5,15,654.roms_s-1007B.champsimtrace.xz,1.087,200000000,184066877,44.89436,44894.36
mix32,mix32_5,16,638.imagick_s-10316B.champsimtrace.xz,4.66,200000000,42917780,10.467751,10467.751
mix32,mix32_5,17,623.xalancbmk_s-325B.champsimtrace.xz,1.277,200000002,156635043,38.203669,38203.669
mix32,mix32_5,18,641.leela_s-602B.champsimtrace.xz,1.728,200000000,115763669,28.235041,28235.041
mix32,mix32_5,19,648.exchange2_s-1699B.champsimtrace.xz,3.941,200000006,50749982,12.378044,12378.044
mix32,mix32_5,20,621.wrf_s-8100B.champsimtrace.xz,1.368,200000004,146189191,35.6559,35655.9
mix32,mix32_5,21,625.x264_s-33B.champsimtrace.xz,4.403,200000002,45426116,11.07954,11079.54
mix32,mix32_5,22,657.xz_s-56B.champsimtrace.xz,2.77,200000000,72201719,17.610175,17610.175
mix32,mix32_5,23,644.nab_s-7928B.champsimtrace.xz,2.076,200000004,96360932,23.502666,23502.666
mix32,mix32_5,24,638.imagick_s-4128B.champsimtrace.xz,4.173,200000003,47924737,11.68896,11688.96
mix32,mix32_5,25,641.leela_s-334B.champsimtrace.xz,1.87,200000004,106970598,26.09039,26090.39
mix32,mix32_5,26,607.cactuBSSN_s-3477B.champsimtrace.xz,2.492,200000001,80243646,19.571621,19571.621
mix32,mix32_5,27,623.xalancbmk_s-592B.champsimtrace.xz,1.106,200000007,180910708,44.124563,44124.563
mix32,mix32_5,28,625.x264_s-39B.champsimtrace.xz,3.277,200000004,61037631,14.887227,14887.227
mix32,mix32_5,29,644.nab_s-12459B.champsimtrace.xz,3.036,200000002,65885124,16.069542,16069.542
mix32,mix32_5,30,623.xalancbmk_s-592B.champsimtrace.xz,1.106,200000007,180861691,44.112608,44112.608
mix32,mix32_5,31,623.xalancbmk_s-325B.champsimtrace.xz,1.274,200000002,156986380,38.289361,38289.361
mix32,mix32_6,0,603.bwaves_s-3699B.champsimtrace.xz,3.565,200000000,56094828,13.681665,13681.665
mix32,mix32_6,1,644.nab_s-5853B.champsimtrace.xz,1.47,200000005,136018591,33.175266,33175.266
mix32,mix32_6,2,623.xalancbmk_s-592B.champsimtrace.xz,1.166,200000001,171489791,41.826778,41826.778
mix32,mix32_6,3,654.roms_s-1613B.champsimtrace.xz,1.336,200000007,149711091,36.5149,36514.9
mix32,mix32_6,4,649.fotonik3d_s-1B.champsimtrace.xz,3.128,200000001,63944200,15.596146,15596.146
mix32,mix32_6,5,603.bwaves_s-3699B.champsimtrace.xz,3.565,200000004,56099259,13.682746,13682.746
mix32,mix32_6,6,623.xalancbmk_s-592B.champsimtrace.xz,1.167,200000000,171427014,41.811467,41811.467
mix32,mix32_6,7,644.nab_s-9322B.champsimtrace.xz,1.655,200000007,120809428,29.465714,29465.714
mix32,mix32_6,8,623.xalancbmk_s-325B.champsimtrace.xz,1.337,200000002,149606669,36.489431,36489.431
mix32,mix32_6,9,607.cactuBSSN_s-3477B.champsimtrace.xz,2.541,200000006,78723864,19.200942,19200.942
mix32,mix32_6,10,654.roms_s-842B.champsimtrace.xz,2.685,200000002,74488194,18.167852,18167.852
mix32,mix32_6,11,641.leela_s-862B.champsimtrace.xz,1.878,200000001,106485590,25.972095,25972.095
mix32,mix32_6,12,641.leela_s-1052B.champsimtrace.xz,1.862,200000002,107434317,26.203492,26203.492
mix32,mix32_6,13,648.exchange2_s-353B.champsimtrace.xz,3.704,200000002,53995000,13.169512,13169.512
mix32,mix32_6,14,648.exchange2_s-387B.champsimtrace.xz,3.347,200000005,59755804,14.574586,14574.586
mix32,mix32_6,15,621.wrf_s-8100B.champsimtrace.xz,1.372,200000000,145773315,35.554467,35554.467
mix32,mix32_6,16,603.bwaves_s-5359B.champsimtrace.xz,3.555,200000001,56257833,13.721423,13721.423
mix32,mix32_6,17,638.imagick_s-4128B.champsimtrace.xz,4.178,200000000,47870396,11.675706,11675.706
mix32,mix32_6,18,638.imagick_s-10316B.champsimtrace.xz,4.66,200000004,42916260,10.46738,10467.38
mix32,mix32_6,19,641.leela_s-1052B.champsimtrace.xz,1.861,200000006,107444009,26.205856,26205.856
mix32,mix32_6,20,648.exchange2_s-1699B.champsimtrace.xz,3.951,200000002,50616769,12.345553,12345.553
mix32,mix32_6,21,648.exchange2_s-1227B.champsimtrace.xz,3.642,200000000,54912817,13.39337,13393.37
mix32,mix32_6,22,657.xz_s-56B.champsimtrace.xz,2.78,200000005,71944035,17.547326,17547.326
mix32,mix32_6,23,603.bwaves_s-5359B.champsimtrace.xz,3.556,200000005,56247677,13.718946,13718.946
mix32,mix32_6,24,631.deepsjeng_s-928B.champsimtrace.xz,1.551,200000000,128913480,31.442312,31442.312
mix32,mix32_6,25,625.x264_s-39B.champsimtrace.xz,3.438,200000003,58167588,14.187217,14187.217
mix32,mix32_6,26,649.fotonik3d_s-1B.champsimtrace.xz,3.131,200000000,63872440,15.578644,15578.644
mix32,mix32_6,27,623.xalancbmk_s-700B.champsimtrace.xz,1.069,200000000,187123236,45.639814,45639.814
mix32,mix32_6,28,621.wrf_s-8100B.champsimtrace.xz,1.372,200000001,145789760,35.558478,35558.478
mix32,mix32_6,29,638.imagick_s-824B.champsimtrace.xz,1.827,200000000,109465409,26.69888,26698.88
mix32,mix32_6,30,638.imagick_s-10316B.champsimtrace.xz,4.661,200000004,42910801,10.466049,10466.049
mix32,mix32_6,31,625.x264_s-18B.champsimtrace.xz,3.731,200000002,53604463,13.074259,13074.259
mix32,mix32_7,0,623.xalancbmk_s-700B.champsimtrace.xz,0.9889,200000000,202254154,49.330281,49330.281
mix32,mix32_7,1,654.roms_s-293B.champsimtrace.xz,1.962,200000006,101957003,24.867562,24867.562
mix32,mix32_7,2,638.imagick_s-4128B.champsimtrace.xz,4.164,200000001,48028430,11.714251,11714.251
mix32,mix32_7,3,649.fotonik3d_s-1B.champsimtrace.xz,3.131,200000005,63873372,15.578871,15578.871
mix32,mix32_7,4,641.leela_s-602B.champsimtrace.xz,1.719,200000005,116319436,28.370594,28370.594
mix32,mix32_7,5,600.perlbench_s-570B.champsimtrace.xz,1.313,200000007,152323552,37.152086,37152.086
mix32,mix32_7,6,657.xz_s-56B.champsimtrace.xz,2.767,200000000,72272766,17.627504,17627.504
mix32,mix32_7,7,648.exchange2_s-72B.champsimtrace.xz,3.918,200000006,51043543,12.449645,12449.645
mix32,mix32_7,8,657.xz_s-4994B.champsimtrace.xz,1.787,200000000,111917817,27.297029,27297.029
mix32,mix32_7,9,654.roms_s-293B.champsimtrace.xz,1.972,200000003,101437539,24.740863,24740.863
mix32,mix32_7,10,649.fotonik3d_s-1B.champsimtrace.xz,3.131,200000002,63874603,15.579171,15579.171
mix32,mix32_7,11,607.cactuBSSN_s-4248B.champsimtrace.xz,4.486,200000000,44581930,10.873641,10873.641
mix32,mix32_7,12,641.leela_s-1083B.champsimtrace.xz,1.362,200000007,146887438,35.826204,35826.204
mix32,mix32_7,13,623.xalancbmk_s-325B.champsimtrace.xz,1.277,200000000,156581391,38.190583,38190.583
mix32,mix32_7,14,631.deepsjeng_s-928B.champsimtrace.xz,1.394,200000000,143479697,34.995048,34995.048
mix32,mix32_7,15,603.bwaves_s-1080B.champsimtrace.xz,3.499,200000002,57167094,13.943194,13943.194
mix32,mix32_7,16,627.cam4_s-573B.champsimtrace.xz,1.905,200000002,105004003,25.610732,25610.732
mix32,mix32_7,17,657.xz_s-56B.champsimtrace.xz,2.767,200000001,72273341,17.627644,17627.644
mix32,mix32_7,18,625.x264_s-12B.champsimtrace.xz,4.441,200000005,45032672,10.983579,10983.579
mix32,mix32_7,19,648.exchange2_s-353B.champsimtrace.xz,3.702,200000000,54019825,13.175567,13175.567
mix32,mix32_7,20,638.imagick_s-824B.champsimtrace.xz,1.824,200000000,109638083,26.740996,26740.996
mix32,mix32_7,21,638.imagick_s-10316B.champsimtrace.xz,4.654,200000004,42969517,10.48037,10480.37
mix32,mix32_7,22,657.xz_s-3167B.champsimtrace.xz,1.244,200000004,160780178,39.214678,39214.678
mix32,mix32_7,23,657.xz_s-56B.champsimtrace.xz,2.768,200000000,72266149,17.62589,17625.89
mix32,mix32_7,24,641.leela_s-800B.champsimtrace.xz,1.793,200000000,111523312,27.200808,27200.808
mix32,mix32_7,25,648.exchange2_s-1511B.champsimtrace.xz,3.95,200000004,50627282,12.348118,12348.118
mix32,mix32_7,26,607.cactuBSSN_s-4004B.champsimtrace.xz,2.309,200000005,86628645,21.128938,21128.938
mix32,mix32_7,27,625.x264_s-20B.champsimtrace.xz,3.944,200000000,50707619,12.367712,12367.712
mix32,mix32_7,28,657.xz_s-4994B.champsimtrace.xz,1.784,200000001,112119056,27.346111,27346.111
mix32,mix32_7,29,641.leela_s-862B.champsimtrace.xz,1.876,200000006,106632804,26.008001,26008.001
mix32,mix32_7,30,641.leela_s-602B.champsimtrace.xz,1.714,200000003,116680544,28.458669,28458.669
mix32,mix32_7,31,648.exchange2_s-1712B.champsimtrace.xz,4.093,200000002,48859461,11.916942,11916.942
mix32,mix32_8,0,603.bwaves_s-1080B.champsimtrace.xz,3.502,200000000,57109447,13.929133,13929.133
mix32,mix32_8,1,641.leela_s-862B.champsimtrace.xz,1.878,200000001,106487141,25.972473,25972.473
mix32,mix32_8,2,641.leela_s-149B.champsimtrace.xz,1.847,200000002,108283321,26.410566,26410.566
mix32,mix32_8,3,649.fotonik3d_s-1B.champsimtrace.xz,3.131,200000002,63872171,15.578578,15578.578
mix32,mix32_8,4,607.cactuBSSN_s-4248B.champsimtrace.xz,4.555,200000000,43907344,10.709108,10709.108
mix32,mix32_8,5,657.xz_s-3167B.champsimtrace.xz,1.442,200000005,138655095,33.818316,33818.316
mix32,mix32_8,6,603.bwaves_s-3699B.champsimtrace.xz,3.564,200000001,56115209,13.686636,13686.636
mix32,mix32_8,7,621.wrf_s-575B.champsimtrace.xz,1.437,200000000,139202641,33.951864,33951.864
mix32,mix32_8,8,644.nab_s-12459B.champsimtrace.xz,3.036,200000000,65886139,16.06979,16069.79
mix32,mix32_8,9,648.exchange2_s-1227B.champsimtrace.xz,3.636,200000007,55000472,13.414749,13414.749
mix32,mix32_8,10,623.xalancbmk_s-592B.champsimtrace.xz,1.135,200000001,176247476,42.987189,42987.189
mix32,mix32_8,11,607.cactuBSSN_s-2421B.champsimtrace.xz,1.534,200000007,130346849,31.791914,31791.914
mix32,mix32_8,12,654.roms_s-1021B.champsimtrace.xz,3.022,200000003,66182029,16.141958,16141.958
mix32,mix32_8,13,623.xalancbmk_s-700B.champsimtrace.xz,1.036,200000005,193023614,47.07893,47078.93
mix32,mix32_8,14,644.nab_s-12459B.champsimtrace.xz,3.04,200000006,65793202,16.047122,16047.122
mix32,mix32_8,15,644.nab_s-12521B.champsimtrace.xz,2.659,200000000,75206029,18.342934,18342.934
mix32,mix32_8,16,638.imagick_s-10316B.champsimtrace.xz,4.658,200000001,42937512,10.472564,10472.564
mix32,mix32_8,17,641.leela_s-862B.champsimtrace.xz,1.878,200000003,106499254,25.975428,25975.428
mix32,mix32_8,18,641.leela_s-334B.champsimtrace.xz,1.872,200000000,106817584,26.053069,26053.069
mix32,mix32_8,19,654.roms_s-842B.champsimtrace.xz,2.7,200000001,74079266,18.068114,18068.114
mix32,mix32_8,20,621.wrf_s-8100B.champsimtrace.xz,1.37,200000001,145945465,35.596455,35596.455
mix32,mix32_8,21,648.exchange2_s-1511B.champsimtrace.xz,3.935,200000005,50823072,12.395871,12395.871
mix32,mix32_8,22,623.xalancbmk_s-592B.champsimtrace.xz,1.131,200000005,176790037,43.119521,43119.521
mix32,mix32_8,23,628.pop2_s-17B.champsimtrace.xz,2.594,200000001,77108704,18.807001,18807.001
mix32,mix32_8,24,644.nab_s-9322B.champsimtrace.xz,1.649,200000000,121266651,29.577232,29577.232
mix32,mix32_8,25,625.x264_s-20B.champsimtrace.xz,4.01,200000007,49874547,12.164524,12164.524
mix32,mix32_8,26,625.x264_s-33B.champsimtrace.xz,4.384,200000007,45621413,11.127174,11127.174
mix32,mix32_8,27,648.exchange2_s-1712B.champsimtrace.xz,4.149,200000003,48202243,11.756645,11756.645
mix32,mix32_8,28,603.bwaves_s-3699B.champsimtrace.xz,3.563,200000005,56132174,13.690774,13690.774
mix32,mix32_8,29,638.imagick_s-824B.champsimtrace.xz,1.827,200000001,109492303,26.70544,26705.44
mix32,mix32_8,30,657.xz_s-56B.champsimtrace.xz,2.766,200000005,72316657,17.638209,17638.209
mix32,mix32_8,31,657.xz_s-56B.champsimtrace.xz,2.776,200000001,72047356,17.572526,17572.526
mix32,mix32_9,0,603.bwaves_s-3699B.champsimtrace.xz,3.561,200000004,56165682,13.698947,13698.947
mix32,mix32_9,1,623.xalancbmk_s-325B.champsimtrace.xz,1.269,200000007,157559272,38.429091,38429.091
mix32,mix32_9,2,625.x264_s-12B.champsimtrace.xz,4.464,200000005,44800829,10.927031,10927.031
mix32,mix32_9,3,654.roms_s-842B.champsimtrace.xz,2.696,200000002,74182881,18.093386,18093.386
mix32,mix32_9,4,654.roms_s-1021B.champsimtrace.xz,2.736,200000000,73090246,17.826889,17826.889
mix32,mix32_9,5,654.roms_s-1007B.champsimtrace.xz,1.128,200000000,177302558,43.244526,43244.526
mix32,mix32_9,6,627.cam4_s-573B.champsimtrace.xz,1.923,200000004,104013748,25.369207,25369.207
mix32,mix32_9,7,607.cactuBSSN_s-4248B.champsimtrace.xz,4.497,200000001,44474354,10.847403,10847.403
mix32,mix32_9,8,648.exchange2_s-72B.champsimtrace.xz,3.914,200000005,51103926,12.464372,12464.372
mix32,mix32_9,9,648.exchange2_s-1247B.champsimtrace.xz,3.894,200000001,51356417,12.525955,12525.955
mix32,mix32_9,10,644.nab_s-12521B.champsimtrace.xz,2.621,200000000,76303672,18.610652,18610.652
mix32,mix32_9,11,657.xz_s-56B.champsimtrace.xz,2.767,200000005,72270843,17.627035,17627.035
mix32,mix32_9,12,644.nab_s-7928B.champsimtrace.xz,2.067,200000002,96752276,23.598116,23598.116
mix32,mix32_9,13,600.perlbench_s-1273B.champsimtrace.xz,2.626,200000001,76157031,18.574886,18574.886
mix32,mix32_9,14,648.exchange2_s-584B.champsimtrace.xz,3.345,200000001,59784721,14.581639,14581.639
mix32,mix32_9,15,625.x264_s-20B.champsimtrace.xz,3.956,200000003,50559801,12.331659,12331.659
mix32,mix32_9,16,644.nab_s-9322B.champsimtrace.xz,1.638,200000000,122105703,29.781879,29781.879
mix32,mix32_9,17,654.roms_s-842B.champsimtrace.xz,2.695,200000007,74215094,18.101242,18101.242
mix32,mix32_9,18,607.cactuBSSN_s-3477B.champsimtrace.xz,2.481,200000002,80606072,19.660018,19660.018
mix32,mix32_9,19,607.cactuBSSN_s-2421B.champsimtrace.xz,1.339,200000004,149336147,36.42345,36423.45
mix32,mix32_9,20,607.cactuBSSN_s-2421B.champsimtrace.xz,1.35,200000005,148115840,36.125815,36125.815
mix32,mix32_9,21,641.leela_s-800B.champsimtrace.xz,1.799,200000001,111165984,27.113655,27113.655
mix32,mix32_9,22,625.x264_s-12B.champsimtrace.xz,4.466,200000003,44779089,10.921729,10921.729
mix32,mix32_9,23,644.nab_s-12521B.champsimtrace.xz,2.623,200000001,76244667,18.59626,18596.26
mix32,mix32_9,24,648.exchange2_s-1511B.champsimtrace.xz,3.948,200000004,50655312,12.354954,12354.954
mix32,mix32_9,25,621.wrf_s-8100B.champsimtrace.xz,1.367,200000000,146265175,35.674433,35674.433
mix32,mix32_9,26,644.nab_s-5853B.champsimtrace.xz,1.464,200000002,136576330,33.3113,33311.3
mix32,mix32_9,27,625.x264_s-12B.champsimtrace.xz,4.464,200000003,44805838,10.928253,10928.253
mix32,mix32_9,28,641.leela_s-1083B.champsimtrace.xz,1.346,200000000,148581374,36.23936,36239.36
mix32,mix32_9,29,654.roms_s-1613B.champsimtrace.xz,1.293,200000007,154694498,37.730365,37730.365
mix32,mix32_9,30,649.fotonik3d_s-1B.champsimtrace.xz,3.128,200000000,63947827,15.597031,15597.031
mix32,mix32_9,31,603.bwaves_s-5359B.champsimtrace.xz,3.552,200000001,56311088,13.734412,13734.412
mix16,mix16_1,0,644.nab_s-7928B.champsimtrace.xz,2.033,200000003,98368671,23.992359,23992.359
mix16,mix16_1,1,600.perlbench_s-210B.champsimtrace.xz,2.63,200000001,76043246,18.547133,18547.133
mix16,mix16_1,2,625.x264_s-12B.champsimtrace.xz,4.152,200000004,48167181,11.748093,11748.093
mix16,mix16_1,3,623.xalancbmk_s-325B.champsimtrace.xz,1.33,200000000,150379648,36.677963,36677.963
mix16,mix16_1,4,648.exchange2_s-1699B.champsimtrace.xz,3.566,200000001,56082352,13.678622,13678.622
mix16,mix16_1,5,648.exchange2_s-1227B.champsimtrace.xz,3.33,200000004,60065417,14.650102,14650.102
mix16,mix16_1,6,654.roms_s-1021B.champsimtrace.xz,2.843,200000001,70350726,17.158714,17158.714
mix16,mix16_1,7,603.bwaves_s-5359B.champsimtrace.xz,3.383,200000000,59117385,14.418874,14418.874
mix16,mix16_1,8,638.imagick_s-10316B.champsimtrace.xz,4.245,200000004,47119144,11.492474,11492.474
mix16,mix16_1,9,600.perlbench_s-210B.champsimtrace.xz,2.632,200000003,76000958,18.536819,18536.819
mix16,mix16_1,10,623.xalancbmk_s-325B.champsimtrace.xz,1.337,200000005,149600603,36.487952,36487.952
mix16,mix16_1,11,641.leela_s-149B.champsimtrace.xz,1.787,200000003,111890820,27.290444,27290.444
mix16,mix16_1,12,600.perlbench_s-210B.champsimtrace.xz,2.63,200000002,76038949,18.546085,18546.085
mix16,mix16_1,13,621.wrf_s-8100B.champsimtrace.xz,1.367,200000002,146329849,35.690207,35690.207
mix16,mix16_1,14,644.nab_s-7928B.champsimtrace.xz,2.033,200000001,98361459,23.9906,23990.6
mix16,mix16_1,15,641.leela_s-602B.champsimtrace.xz,1.683,200000000,118854195,28.988828,28988.828
mix16,mix16_10,0,638.imagick_s-10316B.champsimtrace.xz,4.244,200000005,47130325,11.495201,11495.201
mix16,mix16_10,1,623.xalancbmk_s-325B.champsimtrace.xz,1.317,200000000,151861376,37.03936,37039.36
mix16,mix16_10,2,641.leela_s-602B.champsimtrace.xz,1.678,200000000,119191736,29.071155,29071.155
mix16,mix16_10,3,648.exchange2_s-1699B.champsimtrace.xz,3.562,200000003,56143818,13.693614,13693.614
mix16,mix16_10,4,621.wrf_s-8100B.champsimtrace.xz,1.362,200000000,146807342,35.806669,35806.669
mix16,mix16_10,5,625.x264_s-33B.champsimtrace.xz,4.038,200000002,49528014,12.080003,12080.003
mix16,mix16_10,6,657.xz_s-56B.champsimtrace.xz,2.67,200000001,74914020,18.271712,18271.712
mix16,mix16_10,7,644.nab_s-7928B.champsimtrace.xz,2.029,200000004,98548039,24.036107,24036.107
mix16,mix16_10,8,638.imagick_s-4128B.champsimtrace.xz,3.77,200000000,53057122,12.940761,12940.761
mix16,mix16_10,9,641.leela_s-334B.champsimtrace.xz,1.805,200000000,110791742,27.022376,27022.376
mix16,mix16_10,10,607.cactuBSSN_s-3477B.champsimtrace.xz,2.218,200000001,90189512,21.997442,21997.442
mix16,mix16_10,11,623.xalancbmk_s-592B.champsimtrace.xz,1.16,200000000,172486605,42.069904,42069.904
mix16,mix16_10,12,625.x264_s-39B.champsimtrace.xz,3.211,200000001,62295187,15.193948,15193.948
mix16,mix16_10,13,644.nab_s-12459B.champsimtrace.xz,2.894,200000002,69117142,16.85784,16857.84
mix16,mix16_10,14,623.xalancbmk_s-592B.champsimtrace.xz,1.153,200000004,173429677,42.299921,42299.921
mix16,mix16_10,15,623.xalancbmk_s-325B.champsimtrace.xz,1.319,200000004,151656988,36.989509,36989.509
mix16,mix16_2,0,623.xalancbmk_s-325B.champsimtrace.xz,1.317,200000002,151848710,37.036271,37036.271
mix16,mix16_2,1,644.nab_s-12459B.champsimtrace.xz,2.9,200000005,68959785,16.81946,16819.46
mix16,mix16_2,2,648.exchange2_s-387B.champsimtrace.xz,3.075,200000001,65036575,15.862579,15862.579
mix16,mix16_2,3,600.perlbench_s-1273B.champsimtrace.xz,2.625,200000005,76196192,18.584437,18584.437
mix16,mix16_2,4,648.exchange2_s-387B.champsimtrace.xz,3.075,200000004,65038948,15.863158,15863.158
mix16,mix16_2,5,648.exchange2_s-1247B.champsimtrace.xz,3.483,200000002,57424292,14.005925,14005.925
mix16,mix16_2,6,625.x264_s-39B.champsimtrace.xz,3.215,200000001,62199264,15.170552,15170.552
mix16,mix16_2,7,607.cactuBSSN_s-4248B.champsimtrace.xz,4.039,200000002,49519075,12.077823,12077.823
mix16,mix16_2,8,657.xz_s-3167B.champsimtrace.xz,1.668,200000001,119937924,29.253152,29253.152
mix16,mix16_2,9,625.x264_s-39B.champsimtrace.xz,3.214,200000004,62233218,15.178834,15178.834
mix16,mix16_2,10,603.bwaves_s-5359B.champsimtrace.xz,3.382,200000000,59127974,14.421457,14421.457
mix16,mix16_2,11,603.bwaves_s-5359B.champsimtrace.xz,3.382,200000004,59128839,14.421668,14421.668
mix16,mix16_2,12,649.fotonik3d_s-1B.champsimtrace.xz,2.889,200000005,69225150,16.884183,16884.183
mix16,mix16_2,13,644.nab_s-12521B.champsimtrace.xz,2.579,200000001,77560930,18.9173,18917.3
mix16,mix16_2,14,648.exchange2_s-387B.champsimtrace.xz,3.075,200000000,65036512,15.862564,15862.564
mix16,mix16_2,15,648.exchange2_s-1699B.champsimtrace.xz,3.566,200000001,56079480,13.677922,13677.922
mix16,mix16_3,0,641.leela_s-602B.champsimtrace.xz,1.678,200000001,119213629,29.076495,29076.495
mix16,mix16_3,1,657.xz_s-4994B.champsimtrace.xz,1.8,200000000,111083112,27.093442,27093.442
mix16,mix16_3,2,627.cam4_s-573B.champsimtrace.xz,2.166,200000003,92337592,22.521364,22521.364
mix16,mix16_3,3,641.leela_s-800B.champsimtrace.xz,1.771,200000000,112955907,27.550221,27550.221
mix16,mix16_3,4,648.exchange2_s-72B.champsimtrace.xz,3.519,200000000,56839856,13.86338,13863.38
mix16,mix16_3,5,644.nab_s-12521B.champsimtrace.xz,2.576,200000001,77650299,18.939097,18939.097
mix16,mix16_3,6,649.fotonik3d_s-1B.champsimtrace.xz,2.89,200000003,69214528,16.881592,16881.592
mix16,mix16_3,7,641.leela_s-862B.champsimtrace.xz,1.814,200000003,110244532,26.88891,26888.91
mix16,mix16_3,8,648.exchange2_s-1247B.champsimtrace.xz,3.484,200000003,57408856,14.00216,14002.16
mix16,mix16_3,9,600.perlbench_s-570B.champsimtrace.xz,1.531,200000002,130613765,31.857016,31857.016
mix16,mix16_3,10,623.xalancbmk_s-592B.champsimtrace.xz,1.149,200000000,174112189,42.466388,42466.388
mix16,mix16_3,11,625.x264_s-18B.champsimtrace.xz,3.486,200000004,57364279,13.991288,13991.288
mix16,mix16_3,12,603.bwaves_s-3699B.champsimtrace.xz,3.385,200000005,59091280,14.412507,14412.507
mix16,mix16_3,13,623.xalancbmk_s-592B.champsimtrace.xz,1.158,200000003,172756183,42.135654,42135.654
mix16,mix16_3,14,603.bwaves_s-5359B.champsimtrace.xz,3.383,200000005,59123968,14.42048,14420.48
mix16,mix16_3,15,625.x264_s-18B.champsimtrace.xz,3.482,200000003,57437497,14.009146,14009.146
mix16,mix16_4,0,644.nab_s-5853B.champsimtrace.xz,1.467,200000003,136375114,33.262223,33262.223
mix16,mix16_4,1,627.cam4_s-573B.champsimtrace.xz,1.999,200000001,100067484,24.406703,24406.703
mix16,mix16_4,2,627.cam4_s-573B.champsimtrace.xz,2.004,200000001,99818937,24.346082,24346.082
mix16,mix16_4,3,623.xalancbmk_s-325B.champsimtrace.xz,1.299,200000003,153997956,37.560477,37560.477
mix16,mix16_4,4,625.x264_s-12B.champsimtrace.xz,4.079,200000004,49029672,11.958457,11958.457
mix16,mix16_4,5,654.roms_s-842B.champsimtrace.xz,2.625,200000003,76188123,18.582469,18582.469
mix16,mix16_4,6,644.nab_s-7928B.champsimtrace.xz,2.022,200000002,98901023,24.122201,24122.201
mix16,mix16_4,7,644.nab_s-12521B.champsimtrace.xz,2.568,200000001,77877967,18.994626,18994.626
mix16,mix16_4,8,607.cactuBSSN_s-4248B.champsimtrace.xz,4.016,200000004,49797293,12.145681,12145.681
mix16,mix16_4,9,648.exchange2_s-1699B.champsimtrace.xz,3.561,200000002,56163981,13.698532,13698.532
mix16,mix16_4,10,607.cactuBSSN_s-4248B.champsimtrace.xz,4.017,200000004,49790559,12.144039,12144.039
mix16,mix16_4,11,628.pop2_s-17B.champsimtrace.xz,2.525,200000005,79206602,19.318683,19318.683
mix16,mix16_4,12,657.xz_s-56B.champsimtrace.xz,2.669,200000000,74942402,18.278635,18278.635
mix16,mix16_4,13,644.nab_s-7928B.champsimtrace.xz,2.022,200000005,98906272,24.123481,24123.481
mix16,mix16_4,14,641.leela_s-800B.champsimtrace.xz,1.768,200000000,113134993,27.593901,27593.901
mix16,mix16_4,15,648.exchange2_s-1227B.champsimtrace.xz,3.325,200000003,60144507,14.669392,14669.392
mix16,mix16_5,0,648.exchange2_s-72B.champsimtrace.xz,3.519,200000003,56830751,13.861159,13861.159
mix16,mix16_5,1,648.exchange2_s-353B.champsimtrace.xz,3.366,200000004,59409158,14.490039,14490.039
mix16,mix16_5,2,623.xalancbmk_s-592B.champsimtrace.xz,1.138,200000003,175682121,42.849298,42849.298
mix16,mix16_5,3,600.perlbench_s-210B.champsimtrace.xz,2.625,200000001,76182118,18.581004,18581.004
mix16,mix16_5,4,625.x264_s-33B.champsimtrace.xz,4.023,200000001,49719140,12.12662,12126.62
mix16,mix16_5,5,625.x264_s-12B.champsimtrace.xz,4.114,200000002,48612163,11.856625,11856.625
mix16,mix16_5,6,623.xalancbmk_s-325B.champsimtrace.xz,1.293,200000000,154652752,37.720183,37720.183
mix16,mix16_5,7,654.roms_s-842B.champsimtrace.xz,2.624,200000000,76232877,18.593385,18593.385
mix16,mix16_5,8,654.roms_s-1007B.champsimtrace.xz,1.213,200000001,164928666,40.226504,40226.504
mix16,mix16_5,9,625.x264_s-33B.champsimtrace.xz,4.023,200000000,49710273,12.124457,12124.457
mix16,mix16_5,10,644.nab_s-9322B.champsimtrace.xz,1.665,200000000,120148027,29.304397,29304.397
mix16,mix16_5,11,628.pop2_s-17B.champsimtrace.xz,2.571,200000003,77802465,18.976211,18976.211
mix16,mix16_5,12,654.roms_s-293B.champsimtrace.xz,2.165,200000004,92363265,22.527626,22527.626
mix16,mix16_5,13,638.imagick_s-824B.champsimtrace.xz,1.804,200000003,110864047,27.040011,27040.011
mix16,mix16_5,14,625.x264_s-12B.champsimtrace.xz,4.113,200000000,48624558,11.859648,11859.648
mix16,mix16_5,15,623.xalancbmk_s-700B.champsimtrace.xz,1.037,200000002,192951070,47.061237,47061.237
mix16,mix16_6,0,641.leela_s-800B.champsimtrace.xz,1.77,200000000,112987860,27.558015,27558.015
mix16,mix16_6,1,625.x264_s-12B.champsimtrace.xz,4.114,200000000,48612846,11.856792,11856.792
mix16,mix16_6,2,641.leela_s-862B.champsimtrace.xz,1.814,200000000,110258239,26.892253,26892.253
mix16,mix16_6,3,654.roms_s-1613B.champsimtrace.xz,1.373,200000000,145644830,35.523129,35523.129
mix16,mix16_6,4,631.deepsjeng_s-928B.champsimtrace.xz,1.59,200000004,125803191,30.683705,30683.705
mix16,mix16_6,5,623.xalancbmk_s-325B.champsimtrace.xz,1.304,200000000,153384037,37.410741,37410.741
mix16,mix16_6,6,657.xz_s-56B.champsimtrace.xz,2.669,200000003,74925209,18.274441,18274.441
mix16,mix16_6,7,641.leela_s-149B.champsimtrace.xz,1.786,200000002,111984094,27.313194,27313.194
mix16,mix16_6,8,603.bwaves_s-5359B.champsimtrace.xz,3.381,200000001,59159722,14.4292,14429.2
mix16,mix16_6,9,600.perlbench_s-570B.champsimtrace.xz,1.522,200000004,131384161,32.044917,32044.917
mix16,mix16_6,10,607.cactuBSSN_s-2421B.champsimtrace.xz,1.442,200000002,138665876,33.820945,33820.945
mix16,mix16_6,11,644.nab_s-5853B.champsimtrace.xz,1.468,200000004,136215661,33.223332,33223.332
mix16,mix16_6,12,648.exchange2_s-353B.champsimtrace.xz,3.366,200000005,59425673,14.494067,14494.067
mix16,mix16_6,13,638.imagick_s-10316B.champsimtrace.xz,4.243,200000004,47135359,11.496429,11496.429
mix16,mix16_6,14,603.bwaves_s-1080B.champsimtrace.xz,3.347,200000004,59756935,14.574862,14574.862
mix16,mix16_6,15,628.pop2_s-17B.champsimtrace.xz,2.611,200000001,76586243,18.679571,18679.571
mix16,mix16_7,0,657.xz_s-56B.champsimtrace.xz,2.671,200000001,74874393,18.262047,18262.047
mix16,mix16_7,1,641.leela_s-334B.champsimtrace.xz,1.805,200000001,110822013,27.029759,27029.759
mix16,mix16_7,2,657.xz_s-4994B.champsimtrace.xz,1.799,200000000,111149439,27.109619,27109.619
mix16,mix16_7,3,649.fotonik3d_s-1B.champsimtrace.xz,2.889,200000001,69238370,16.887407,16887.407
mix16,mix16_7,4,600.perlbench_s-1273B.champsimtrace.xz,2.625,200000003,76182431,18.581081,18581.081
mix16,mix16_7,5,648.exchange2_s-1511B.champsimtrace.xz,3.534,200000002,56585846,13.801426,13801.426
mix16,mix16_7,6,648.exchange2_s-1227B.champsimtrace.xz,3.329,200000001,60071738,14.651643,14651.643
mix16,mix16_7,7,641.leela_s-602B.champsimtrace.xz,1.677,200000005,119258484,29.087435,29087.435
mix16,mix16_7,8,625.x264_s-12B.champsimtrace.xz,4.117,200000000,48584336,11.849838,11849.838
mix16,mix16_7,9,644.nab_s-7928B.champsimtrace.xz,2.028,200000000,98621597,24.054048,24054.048
mix16,mix16_7,10,607.cactuBSSN_s-2421B.champsimtrace.xz,1.519,200000001,131674430,32.115715,32115.715
mix16,mix16_7,11,638.imagick_s-4128B.champsimtrace.xz,3.769,200000005,53059566,12.941358,12941.358
mix16,mix16_7,12,638.imagick_s-824B.champsimtrace.xz,1.804,200000002,110845820,27.035566,27035.566
mix16,mix16_7,13,657.xz_s-3167B.champsimtrace.xz,1.578,200000004,126779405,30.921806,30921.806
mix16,mix16_7,14,654.roms_s-1007B.champsimtrace.xz,1.219,200000000,164056122,40.013688,40013.688
mix16,mix16_7,15,625.x264_s-12B.champsimtrace.xz,4.124,200000002,48496702,11.828464,11828.464
mix16,mix16_8,0,641.leela_s-149B.champsimtrace.xz,1.786,200000001,112010859,27.319722,27319.722
mix16,mix16_8,1,621.wrf_s-575B.champsimtrace.xz,1.422,200000004,140627766,34.299455,34299.455
mix16,mix16_8,2,654.roms_s-1613B.champsimtrace.xz,1.372,200000001,145740833,35.546545,35546.545
mix16,mix16_8,3,654.roms_s-1007B.champsimtrace.xz,1.219,200000003,164041637,40.010155,40010.155
mix16,mix16_8,4,625.x264_s-20B.champsimtrace.xz,3.706,200000003,53965400,13.162293,13162.293
mix16,mix16_8,5,644.nab_s-7928B.champsimtrace.xz,2.026,200000000,98731744,24.080913,24080.913
mix16,mix16_8,6,644.nab_s-12521B.champsimtrace.xz,2.575,200000005,77674854,18.945086,18945.086
mix16,mix16_8,7,607.cactuBSSN_s-4004B.champsimtrace.xz,2.221,200000001,90069516,21.968175,21968.175
mix16,mix16_8,8,648.exchange2_s-210B.champsimtrace.xz,3.513,200000001,56923544,13.883791,13883.791
mix16,mix16_8,9,641.leela_s-602B.champsimtrace.xz,1.674,200000003,119465789,29.137997,29137.997
mix16,mix16_8,10,648.exchange2_s-353B.champsimtrace.xz,3.366,200000004,59410448,14.490353,14490.353
mix16,mix16_8,11,641.leela_s-334B.champsimtrace.xz,1.804,200000002,110890164,27.046381,27046.381
mix16,mix16_8,12,600.perlbench_s-1273B.champsimtrace.xz,2.622,200000001,76285120,18.606127,18606.127
mix16,mix16_8,13,625.x264_s-33B.champsimtrace.xz,4.025,200000001,49684516,12.118175,12118.175
mix16,mix16_8,14,600.perlbench_s-210B.champsimtrace.xz,2.626,200000001,76151565,18.573552,18573.552
mix16,mix16_8,15,654.roms_s-293B.champsimtrace.xz,2.171,200000004,92140153,22.473208,22473.208
mix16,mix16_9,0,654.roms_s-1007B.champsimtrace.xz,1.182,200000005,169205924,41.269738,41269.738
mix16,mix16_9,1,648.exchange2_s-72B.champsimtrace.xz,3.515,200000004,56899097,13.877829,13877.829
mix16,mix16_9,2,625.x264_s-20B.champsimtrace.xz,3.689,200000003,54221981,13.224873,13224.873
mix16,mix16_9,3,603.bwaves_s-1080B.champsimtrace.xz,3.348,200000002,59735734,14.569691,14569.691
mix16,mix16_9,4,654.roms_s-1007B.champsimtrace.xz,1.177,200000001,169929993,41.44634,41446.34
mix16,mix16_9,5,654.roms_s-842B.champsimtrace.xz,2.625,200000000,76184873,18.581676,18581.676
mix16,mix16_9,6,603.bwaves_s-3699B.champsimtrace.xz,3.384,200000002,59107080,14.416361,14416.361
mix16,mix16_9,7,641.leela_s-1083B.champsimtrace.xz,1.404,200000001,142407329,34.733495,34733.495
mix16,mix16_9,8,603.bwaves_s-3699B.champsimtrace.xz,3.384,200000005,59099850,14.414598,14414.598
mix16,mix16_9,9,648.exchange2_s-210B.champsimtrace.xz,3.513,200000004,56936934,13.887057,13887.057
mix16,mix16_9,10,648.exchange2_s-210B.champsimtrace.xz,3.514,200000000,56922351,13.8835,13883.5
mix16,mix16_9,11,607.cactuBSSN_s-3477B.champsimtrace.xz,2.142,200000003,93391589,22.778436,22778.436
mix16,mix16_9,12,641.leela_s-1052B.champsimtrace.xz,1.792,200000001,111591589,27.217461,27217.461
mix16,mix16_9,13,641.leela_s-602B.champsimtrace.xz,1.679,200000000,119119767,29.053602,29053.602
mix16,mix16_9,14,625.x264_s-12B.champsimtrace.xz,4.124,200000003,48494417,11.827907,11827.907
mix16,mix16_9,15,654.roms_s-1007B.champsimtrace.xz,1.182,200000005,169214672,41.271871,41271.871
