mix_type,mix,cpu,trace,l1d_flush_stall_cycles,l1d_flush_stall_ns,l2c_flush_stall_cycles,l2c_flush_stall_ns
mix32,mix32_1,0,644.nab_s-7928B.champsimtrace.xz,170,41.463,2331,568.537
mix32,mix32_1,1,600.perlbench_s-210B.champsimtrace.xz,97,23.659,3023,737.317
mix32,mix32_1,2,625.x264_s-12B.champsimtrace.xz,321,78.293,24824,6054.634
mix32,mix32_1,3,623.xalancbmk_s-325B.champsimtrace.xz,92,22.439,26101,6366.098
mix32,mix32_1,4,648.exchange2_s-1699B.champsimtrace.xz,197,48.049,0,0.0
mix32,mix32_1,5,648.exchange2_s-1227B.champsimtrace.xz,252,61.463,0,0.0
mix32,mix32_1,6,654.roms_s-1021B.champsimtrace.xz,64,15.61,10369,2529.024
mix32,mix32_1,7,603.bwaves_s-5359B.champsimtrace.xz,583,142.195,30635,7471.951
mix32,mix32_1,9,600.perlbench_s-210B.champsimtrace.xz,90,21.951,3012,734.634
mix32,mix32_1,10,623.xalancbmk_s-325B.champsimtrace.xz,105,25.61,26122,6371.22
mix32,mix32_1,11,641.leela_s-149B.champsimtrace.xz,281,68.537,20444,4986.341
mix32,mix32_1,12,600.perlbench_s-210B.champsimtrace.xz,95,23.171,3016,735.61
mix32,mix32_1,13,621.wrf_s-8100B.champsimtrace.xz,314,76.585,20398,4975.122
mix32,mix32_1,14,644.nab_s-7928B.champsimtrace.xz,144,35.122,2344,571.707
mix32,mix32_1,15,641.leela_s-602B.champsimtrace.xz,310,75.61,20959,5111.951
mix32,mix32_1,16,623.xalancbmk_s-325B.champsimtrace.xz,0,0.0,26070,6358.537
mix32,mix32_1,17,644.nab_s-12459B.champsimtrace.xz,0,0.0,21914,5344.878
mix32,mix32_1,18,648.exchange2_s-387B.champsimtrace.xz,196,47.805,0,0.0
mix32,mix32_1,19,600.perlbench_s-1273B.champsimtrace.xz,306,74.634,10936,2667.317
mix32,mix32_1,20,648.exchange2_s-387B.champsimtrace.xz,196,47.805,0,0.0
mix32,mix32_1,21,648.exchange2_s-1247B.champsimtrace.xz,196,47.805,0,0.0
mix32,mix32_1,22,625.x264_s-39B.champsimtrace.xz,315,76.829,16924,4127.805
mix32,mix32_1,24,657.xz_s-3167B.champsimtrace.xz,325,79.268,28010,6831.707
mix32,mix32_1,25,625.x264_s-39B.champsimtrace.xz,301,73.415,17521,4273.415
mix32,mix32_1,26,603.bwaves_s-5359B.champsimtrace.xz,583,142.195,30809,7514.39
mix32,mix32_1,27,603.bwaves_s-5359B.champsimtrace.xz,585,142.683,30787,7509.024
mix32,mix32_1,28,649.fotonik3d_s-1B.champsimtrace.xz,514,125.366,26148,6377.561
mix32,mix32_1,29,644.nab_s-12521B.champsimtrace.xz,21,5.122,870,212.195
mix32,mix32_1,30,648.exchange2_s-387B.champsimtrace.xz,196,47.805,0,0.0
mix32,mix32_1,31,648.exchange2_s-1699B.champsimtrace.xz,197,48.049,0,0.0
mix32,mix32_10,1,625.x264_s-18B.champsimtrace.xz,225,54.878,17662,4307.805
mix32,mix32_10,2,600.perlbench_s-1273B.champsimtrace.xz,97,23.659,11733,2861.707
mix32,mix32_10,3,648.exchange2_s-210B.champsimtrace.xz,195,47.561,0,0.0
mix32,mix32_10,4,644.nab_s-5853B.champsimtrace.xz,141,34.39,1178,287.317
mix32,mix32_10,5,625.x264_s-12B.champsimtrace.xz,142,34.634,21206,5172.195
mix32,mix32_10,6,648.exchange2_s-1699B.champsimtrace.xz,197,48.049,0,0.0
mix32,mix32_10,7,641.leela_s-602B.champsimtrace.xz,291,70.976,20995,5120.732
mix32,mix32_10,9,600.perlbench_s-1273B.champsimtrace.xz,96,23.415,11712,2856.585
mix32,mix32_10,10,603.bwaves_s-3699B.champsimtrace.xz,524,127.805,26630,6495.122
mix32,mix32_10,11,654.roms_s-1021B.champsimtrace.xz,61,14.878,10004,2440.0
mix32,mix32_10,12,654.roms_s-1613B.champsimtrace.xz,371,90.488,14702,3585.854
mix32,mix32_10,13,641.leela_s-602B.champsimtrace.xz,219,53.415,20606,5025.854
mix32,mix32_10,14,648.exchange2_s-72B.champsimtrace.xz,197,48.049,0,0.0
mix32,mix32_10,15,641.leela_s-862B.champsimtrace.xz,126,30.732,3902,951.707
mix32,mix32_10,16,607.cactuBSSN_s-4004B.champsimtrace.xz,0,0.0,5699,1390.0
mix32,mix32_10,17,607.cactuBSSN_s-3477B.champsimtrace.xz,1,0.244,5434,1325.366
mix32,mix32_10,18,625.x264_s-20B.champsimtrace.xz,167,40.732,21755,5306.098
mix32,mix32_10,19,654.roms_s-1613B.champsimtrace.xz,372,90.732,14826,3616.098
mix32,mix32_10,20,648.exchange2_s-387B.champsimtrace.xz,196,47.805,0,0.0
mix32,mix32_10,21,649.fotonik3d_s-1B.champsimtrace.xz,522,127.317,30185,7362.195
mix32,mix32_10,22,654.roms_s-1613B.champsimtrace.xz,370,90.244,14504,3537.561
mix32,mix32_10,23,623.xalancbmk_s-325B.champsimtrace.xz,108,26.341,29768,7260.488
mix32,mix32_10,24,623.xalancbmk_s-700B.champsimtrace.xz,0,0.0,27173,6627.561
mix32,mix32_10,25,603.bwaves_s-5359B.champsimtrace.xz,590,143.902,30261,7380.732
mix32,mix32_10,26,648.exchange2_s-353B.champsimtrace.xz,197,48.049,0,0.0
mix32,mix32_10,27,654.roms_s-1021B.champsimtrace.xz,59,14.39,10426,2542.927
mix32,mix32_10,28,631.deepsjeng_s-928B.champsimtrace.xz,203,49.512,26430,6446.341
mix32,mix32_10,29,644.nab_s-12521B.champsimtrace.xz,126,30.732,19140,4668.293
mix32,mix32_10,30,607.cactuBSSN_s-4004B.champsimtrace.xz,0,0.0,5637,1374.878
mix32,mix32_10,31,654.roms_s-293B.champsimtrace.xz,69,16.829,342,83.415
mix32,mix32_2,0,641.leela_s-602B.champsimtrace.xz,312,76.098,20730,5056.098
mix32,mix32_2,1,657.xz_s-4994B.champsimtrace.xz,463,112.927,30689,7485.122
mix32,mix32_2,2,627.cam4_s-573B.champsimtrace.xz,243,59.268,24680,6019.512
mix32,mix32_2,3,641.leela_s-800B.champsimtrace.xz,103,25.122,23097,5633.415
mix32,mix32_2,4,648.exchange2_s-72B.champsimtrace.xz,197,48.049,0,0.0
mix32,mix32_2,5,644.nab_s-12521B.champsimtrace.xz,130,31.707,18606,4538.049
mix32,mix32_2,6,649.fotonik3d_s-1B.champsimtrace.xz,515,125.61,29349,7158.293
mix32,mix32_2,7,641.leela_s-862B.champsimtrace.xz,123,30.0,3633,886.098
mix32,mix32_2,8,648.exchange2_s-1247B.champsimtrace.xz,196,47.805,0,0.0
mix32,mix32_2,9,600.perlbench_s-570B.champsimtrace.xz,125,30.488,11206,2733.171
mix32,mix32_2,10,623.xalancbmk_s-592B.champsimtrace.xz,0,0.0,27839,6790.0
mix32,mix32_2,11,625.x264_s-18B.champsimtrace.xz,0,0.0,24085,5874.39
mix32,mix32_2,12,603.bwaves_s-3699B.champsimtrace.xz,546,133.171,25715,6271.951
mix32,mix32_2,13,623.xalancbmk_s-592B.champsimtrace.xz,67,16.341,27739,6765.61
mix32,mix32_2,14,603.bwaves_s-5359B.champsimtrace.xz,582,141.951,29672,7237.073
mix32,mix32_2,15,625.x264_s-18B.champsimtrace.xz,0,0.0,23432,5715.122
mix32,mix32_2,16,644.nab_s-5853B.champsimtrace.xz,139,33.902,1255,306.098
mix32,mix32_2,17,627.cam4_s-573B.champsimtrace.xz,600,146.341,25055,6110.976
mix32,mix32_2,18,627.cam4_s-573B.champsimtrace.xz,599,146.098,24854,6061.951
mix32,mix32_2,19,623.xalancbmk_s-325B.champsimtrace.xz,187,45.61,27090,6607.317
mix32,mix32_2,20,625.x264_s-12B.champsimtrace.xz,439,107.073,22465,5479.268
mix32,mix32_2,21,654.roms_s-842B.champsimtrace.xz,377,91.951,16104,3927.805
mix32,mix32_2,22,644.nab_s-7928B.champsimtrace.xz,177,43.171,1780,434.146
mix32,mix32_2,23,644.nab_s-12521B.champsimtrace.xz,131,31.951,18232,4446.829
mix32,mix32_2,25,648.exchange2_s-1699B.champsimtrace.xz,197,48.049,0,0.0
mix32,mix32_2,27,628.pop2_s-17B.champsimtrace.xz,542,132.195,28364,6918.049
mix32,mix32_2,29,644.nab_s-7928B.champsimtrace.xz,181,44.146,1810,441.463
mix32,mix32_2,30,641.leela_s-800B.champsimtrace.xz,99,24.146,23131,5641.707
mix32,mix32_2,31,648.exchange2_s-1227B.champsimtrace.xz,277,67.561,0,0.0
mix32,mix32_3,0,648.exchange2_s-72B.champsimtrace.xz,197,48.049,0,0.0
mix32,mix32_3,1,648.exchange2_s-353B.champsimtrace.xz,197,48.049,0,0.0
mix32,mix32_3,2,623.xalancbmk_s-592B.champsimtrace.xz,0,0.0,27978,6823.902
mix32,mix32_3,3,600.perlbench_s-210B.champsimtrace.xz,117,28.537,12726,3103.902
mix32,mix32_3,4,625.x264_s-33B.champsimtrace.xz,198,48.293,19259,4697.317
mix32,mix32_3,5,625.x264_s-12B.champsimtrace.xz,440,107.317,21090,5143.902
mix32,mix32_3,6,623.xalancbmk_s-325B.champsimtrace.xz,133,32.439,29656,7233.171
mix32,mix32_3,7,654.roms_s-842B.champsimtrace.xz,372,90.732,13613,3320.244
mix32,mix32_3,8,654.roms_s-1007B.champsimtrace.xz,356,86.829,17952,4378.537
mix32,mix32_3,9,625.x264_s-33B.champsimtrace.xz,175,42.683,19441,4741.707
mix32,mix32_3,11,628.pop2_s-17B.champsimtrace.xz,197,48.049,29813,7271.463
mix32,mix32_3,12,654.roms_s-293B.champsimtrace.xz,69,16.829,311,75.854
mix32,mix32_3,13,638.imagick_s-824B.champsimtrace.xz,675,164.634,32216,7857.561
mix32,mix32_3,14,625.x264_s-12B.champsimtrace.xz,231,56.341,21253,5183.659
mix32,mix32_3,15,623.xalancbmk_s-700B.champsimtrace.xz,0,0.0,27248,6645.854
mix32,mix32_3,16,641.leela_s-800B.champsimtrace.xz,162,39.512,22461,5478.293
mix32,mix32_3,17,625.x264_s-12B.champsimtrace.xz,190,46.341,21074,5140.0
mix32,mix32_3,18,641.leela_s-862B.champsimtrace.xz,153,37.317,3906,952.683
mix32,mix32_3,19,654.roms_s-1613B.champsimtrace.xz,372,90.732,13918,3394.634
mix32,mix32_3,20,631.deepsjeng_s-928B.champsimtrace.xz,189,46.098,26448,6450.732
mix32,mix32_3,21,623.xalancbmk_s-325B.champsimtrace.xz,13,3.171,29742,7254.146
mix32,mix32_3,23,641.leela_s-149B.champsimtrace.xz,343,83.659,20686,5045.366
mix32,mix32_3,24,603.bwaves_s-5359B.champsimtrace.xz,582,141.951,28844,7035.122
mix32,mix32_3,25,600.perlbench_s-570B.champsimtrace.xz,149,36.341,10567,2577.317
mix32,mix32_3,26,607.cactuBSSN_s-2421B.champsimtrace.xz,0,0.0,5374,1310.732
mix32,mix32_3,27,644.nab_s-5853B.champsimtrace.xz,149,36.341,1208,294.634
mix32,mix32_3,28,648.exchange2_s-353B.champsimtrace.xz,197,48.049,0,0.0
mix32,mix32_3,30,603.bwaves_s-1080B.champsimtrace.xz,566,138.049,27252,6646.829
mix32,mix32_3,31,628.pop2_s-17B.champsimtrace.xz,197,48.049,29638,7228.78
mix32,mix32_4,1,641.leela_s-334B.champsimtrace.xz,343,83.659,21207,5172.439
mix32,mix32_4,2,657.xz_s-4994B.champsimtrace.xz,420,102.439,29866,7284.39
mix32,mix32_4,3,649.fotonik3d_s-1B.champsimtrace.xz,518,126.341,28559,6965.61
mix32,mix32_4,4,600.perlbench_s-1273B.champsimtrace.xz,184,44.878,11750,2865.854
mix32,mix32_4,5,648.exchange2_s-1511B.champsimtrace.xz,197,48.049,0,0.0
mix32,mix32_4,6,648.exchange2_s-1227B.champsimtrace.xz,278,67.805,0,0.0
mix32,mix32_4,7,641.leela_s-602B.champsimtrace.xz,274,66.829,21405,5220.732
mix32,mix32_4,8,625.x264_s-12B.champsimtrace.xz,327,79.756,23339,5692.439
mix32,mix32_4,9,644.nab_s-7928B.champsimtrace.xz,167,40.732,1985,484.146
mix32,mix32_4,10,607.cactuBSSN_s-2421B.champsimtrace.xz,0,0.0,4775,1164.634
mix32,mix32_4,11,638.imagick_s-4128B.champsimtrace.xz,102,24.878,1555,379.268
mix32,mix32_4,12,638.imagick_s-824B.champsimtrace.xz,673,164.146,32222,7859.024
mix32,mix32_4,13,657.xz_s-3167B.champsimtrace.xz,499,121.707,28347,6913.902
mix32,mix32_4,14,654.roms_s-1007B.champsimtrace.xz,368,89.756,13014,3174.146
mix32,mix32_4,15,625.x264_s-12B.champsimtrace.xz,206,50.244,23120,5639.024
mix32,mix32_4,16,641.leela_s-149B.champsimtrace.xz,280,68.293,20334,4959.512
mix32,mix32_4,17,621.wrf_s-575B.champsimtrace.xz,429,104.634,6134,1496.098
mix32,mix32_4,18,654.roms_s-1613B.champsimtrace.xz,369,90.0,18674,4554.634
mix32,mix32_4,19,654.roms_s-1007B.champsimtrace.xz,369,90.0,12927,3152.927
mix32,mix32_4,20,625.x264_s-20B.champsimtrace.xz,12,2.927,9815,2393.902
mix32,mix32_4,21,644.nab_s-7928B.champsimtrace.xz,174,42.439,1872,456.585
mix32,mix32_4,22,644.nab_s-12521B.champsimtrace.xz,123,30.0,20162,4917.561
mix32,mix32_4,23,607.cactuBSSN_s-4004B.champsimtrace.xz,11,2.683,5417,1321.22
mix32,mix32_4,24,648.exchange2_s-210B.champsimtrace.xz,195,47.561,0,0.0
mix32,mix32_4,25,641.leela_s-602B.champsimtrace.xz,273,66.585,21298,5194.634
mix32,mix32_4,26,648.exchange2_s-353B.champsimtrace.xz,197,48.049,0,0.0
mix32,mix32_4,27,641.leela_s-334B.champsimtrace.xz,357,87.073,20854,5086.341
mix32,mix32_4,28,600.perlbench_s-1273B.champsimtrace.xz,187,45.61,11654,2842.439
mix32,mix32_4,29,625.x264_s-33B.champsimtrace.xz,295,71.951,21567,5260.244
mix32,mix32_4,30,600.perlbench_s-210B.champsimtrace.xz,148,36.098,7028,1714.146
mix32,mix32_4,31,654.roms_s-293B.champsimtrace.xz,71,17.317,265,64.634
mix32,mix32_5,0,654.roms_s-1007B.champsimtrace.xz,370,90.244,13676,3335.61
mix32,mix32_5,1,648.exchange2_s-72B.champsimtrace.xz,197,48.049,0,0.0
mix32,mix32_5,2,625.x264_s-20B.champsimtrace.xz,98,23.902,6526,1591.707
mix32,mix32_5,3,603.bwaves_s-1080B.champsimtrace.xz,574,140.0,29138,7106.829
mix32,mix32_5,4,654.roms_s-1007B.champsimtrace.xz,361,88.049,13461,3283.171
mix32,mix32_5,5,654.roms_s-842B.champsimtrace.xz,372,90.732,17457,4257.805
mix32,mix32_5,6,603.bwaves_s-3699B.champsimtrace.xz,522,127.317,24754,6037.561
mix32,mix32_5,7,641.leela_s-1083B.champsimtrace.xz,180,43.902,19252,4695.61
mix32,mix32_5,8,603.bwaves_s-3699B.champsimtrace.xz,520,126.829,24472,5968.78
mix32,mix32_5,9,648.exchange2_s-210B.champsimtrace.xz,196,47.805,0,0.0
mix32,mix32_5,10,648.exchange2_s-210B.champsimtrace.xz,196,47.805,0,0.0
mix32,mix32_5,11,607.cactuBSSN_s-3477B.champsimtrace.xz,0,0.0,5571,1358.78
mix32,mix32_5,12,641.leela_s-1052B.champsimtrace.xz,114,27.805,2394,583.902
mix32,mix32_5,13,641.leela_s-602B.champsimtrace.xz,310,75.61,21472,5237.073
mix32,mix32_5,14,625.x264_s-12B.champsimtrace.xz,371,90.488,22474,5481.463
mix32,mix32_5,15,654.roms_s-1007B.champsimtrace.xz,362,88.293,12840,3131.707
mix32,mix32_5,17,623.xalancbmk_s-325B.champsimtrace.xz,0,0.0,27428,6689.756
mix32,mix32_5,18,641.leela_s-602B.champsimtrace.xz,325,79.268,20914,5100.976
mix32,mix32_5,19,648.exchange2_s-1699B.champsimtrace.xz,197,48.049,0,0.0
mix32,mix32_5,20,621.wrf_s-8100B.champsimtrace.xz,129,31.463,20768,5065.366
mix32,mix32_5,21,625.x264_s-33B.champsimtrace.xz,0,0.0,24663,6015.366
mix32,mix32_5,23,644.nab_s-7928B.champsimtrace.xz,137,33.415,1839,448.537
mix32,mix32_5,24,638.imagick_s-4128B.champsimtrace.xz,108,26.341,1526,372.195
mix32,mix32_5,25,641.leela_s-334B.champsimtrace.xz,363,88.537,21190,5168.293
mix32,mix32_5,26,607.cactuBSSN_s-3477B.champsimtrace.xz,0,0.0,5536,1350.244
mix32,mix32_5,27,623.xalancbmk_s-592B.champsimtrace.xz,112,27.317,27686,6752.683
mix32,mix32_5,28,625.x264_s-39B.champsimtrace.xz,25,6.098,22660,5526.829
mix32,mix32_5,29,644.nab_s-12459B.champsimtrace.xz,109,26.585,22934,5593.659
mix32,mix32_5,30,623.xalancbmk_s-592B.champsimtrace.xz,73,17.805,27851,6792.927
mix32,mix32_5,31,623.xalancbmk_s-325B.champsimtrace.xz,0,0.0,27430,6690.244
mix32,mix32_6,0,603.bwaves_s-3699B.champsimtrace.xz,538,131.22,25893,6315.366
mix32,mix32_6,1,644.nab_s-5853B.champsimtrace.xz,139,33.902,1204,293.659
mix32,mix32_6,2,623.xalancbmk_s-592B.champsimtrace.xz,5,1.22,28023,6834.878
mix32,mix32_6,3,654.roms_s-1613B.champsimtrace.xz,370,90.244,15487,3777.317
mix32,mix32_6,4,649.fotonik3d_s-1B.champsimtrace.xz,521,127.073,28367,6918.78
mix32,mix32_6,5,603.bwaves_s-3699B.champsimtrace.xz,536,130.732,26121,6370.976
mix32,mix32_6,6,623.xalancbmk_s-592B.champsimtrace.xz,11,2.683,27826,6786.829
mix32,mix32_6,8,623.xalancbmk_s-325B.champsimtrace.xz,140,34.146,29383,7166.585
mix32,mix32_6,9,607.cactuBSSN_s-3477B.champsimtrace.xz,0,0.0,5766,1406.341
mix32,mix32_6,10,654.roms_s-842B.champsimtrace.xz,376,91.707,16159,3941.22
mix32,mix32_6,11,641.leela_s-862B.champsimtrace.xz,165,40.244,3632,885.854
mix32,mix32_6,12,641.leela_s-1052B.champsimtrace.xz,143,34.878,2397,584.634
mix32,mix32_6,13,648.exchange2_s-353B.champsimtrace.xz,197,48.049,0,0.0
mix32,mix32_6,14,648.exchange2_s-387B.champsimtrace.xz,203,49.512,0,0.0
mix32,mix32_6,15,621.wrf_s-8100B.champsimtrace.xz,225,54.878,20758,5062.927
mix32,mix32_6,16,603.bwaves_s-5359B.champsimtrace.xz,579,141.22,30611,7466.098
mix32,mix32_6,17,638.imagick_s-4128B.champsimtrace.xz,110,26.829,1518,370.244
mix32,mix32_6,19,641.leela_s-1052B.champsimtrace.xz,144,35.122,2397,584.634
mix32,mix32_6,20,648.exchange2_s-1699B.champsimtrace.xz,197,48.049,0,0.0
mix32,mix32_6,21,648.exchange2_s-1227B.champsimtrace.xz,278,67.805,0,0.0
mix32,mix32_6,23,603.bwaves_s-5359B.champsimtrace.xz,579,141.22,30853,7525.122
mix32,mix32_6,24,631.deepsjeng_s-928B.champsimtrace.xz,186,45.366,26475,6457.317
mix32,mix32_6,25,625.x264_s-39B.champsimtrace.xz,22,5.366,21073,5139.756
mix32,mix32_6,26,649.fotonik3d_s-1B.champsimtrace.xz,517,126.098,29258,7136.098
mix32,mix32_6,27,623.xalancbmk_s-700B.champsimtrace.xz,0,0.0,27191,6631.951
mix32,mix32_6,28,621.wrf_s-8100B.champsimtrace.xz,235,57.317,20841,5083.171
mix32,mix32_6,29,638.imagick_s-824B.champsimtrace.xz,666,162.439,32223,7859.268
mix32,mix32_6,31,625.x264_s-18B.champsimtrace.xz,216,52.683,18327,4470.0
mix32,mix32_7,0,623.xalancbmk_s-700B.champsimtrace.xz,0,0.0,27100,6609.756
mix32,mix32_7,1,654.roms_s-293B.champsimtrace.xz,72,17.561,287,70.0
mix32,mix32_7,2,638.imagick_s-4128B.champsimtrace.xz,110,26.829,1496,364.878
mix32,mix32_7,3,649.fotonik3d_s-1B.champsimtrace.xz,514,125.366,30007,7318.78
mix32,mix32_7,4,641.leela_s-602B.champsimtrace.xz,288,70.244,20530,5007.317
mix32,mix32_7,5,600.perlbench_s-570B.champsimtrace.xz,94,22.927,10683,2605.61
mix32,mix32_7,7,648.exchange2_s-72B.champsimtrace.xz,197,48.049,0,0.0
mix32,mix32_7,8,657.xz_s-4994B.champsimtrace.xz,467,113.902,31157,7599.268
mix32,mix32_7,9,654.roms_s-293B.champsimtrace.xz,69,16.829,285,69.512
mix32,mix32_7,10,649.fotonik3d_s-1B.champsimtrace.xz,514,125.366,29994,7315.61
mix32,mix32_7,12,641.leela_s-1083B.champsimtrace.xz,221,53.902,20497,4999.268
mix32,mix32_7,13,623.xalancbmk_s-325B.champsimtrace.xz,175,42.683,29744,7254.634
mix32,mix32_7,14,631.deepsjeng_s-928B.champsimtrace.xz,201,49.024,26501,6463.659
mix32,mix32_7,15,603.bwaves_s-1080B.champsimtrace.xz,572,139.512,27987,6826.098
mix32,mix32_7,16,627.cam4_s-573B.champsimtrace.xz,341,83.171,30108,7343.415
mix32,mix32_7,18,625.x264_s-12B.champsimtrace.xz,447,109.024,21413,5222.683
mix32,mix32_7,19,648.exchange2_s-353B.champsimtrace.xz,197,48.049,0,0.0
mix32,mix32_7,20,638.imagick_s-824B.champsimtrace.xz,667,162.683,32218,7858.049
mix32,mix32_7,22,657.xz_s-3167B.champsimtrace.xz,343,83.659,27811,6783.171
mix32,mix32_7,24,641.leela_s-800B.champsimtrace.xz,100,24.39,22702,5537.073
mix32,mix32_7,25,648.exchange2_s-1511B.champsimtrace.xz,197,48.049,0,0.0
mix32,mix32_7,26,607.cactuBSSN_s-4004B.champsimtrace.xz,0,0.0,5465,1332.927
mix32,mix32_7,27,625.x264_s-20B.champsimtrace.xz,170,41.463,21251,5183.171
mix32,mix32_7,28,657.xz_s-4994B.champsimtrace.xz,462,112.683,31077,7579.756
mix32,mix32_7,29,641.leela_s-862B.champsimtrace.xz,159,38.78,3894,949.756
mix32,mix32_7,30,641.leela_s-602B.champsimtrace.xz,312,76.098,21324,5200.976
mix32,mix32_7,31,648.exchange2_s-1712B.champsimtrace.xz,196,47.805,0,0.0
mix32,mix32_8,0,603.bwaves_s-1080B.champsimtrace.xz,574,140.0,29540,7204.878
mix32,mix32_8,1,641.leela_s-862B.champsimtrace.xz,325,79.268,3865,942.683
mix32,mix32_8,2,641.leela_s-149B.champsimtrace.xz,331,80.732,20978,5116.585
mix32,mix32_8,3,649.fotonik3d_s-1B.champsimtrace.xz,514,125.366,29425,7176.829
mix32,mix32_8,5,657.xz_s-3167B.champsimtrace.xz,509,124.146,28031,6836.829
mix32,mix32_8,6,603.bwaves_s-3699B.champsimtrace.xz,526,128.293,25583,6239.756
mix32,mix32_8,7,621.wrf_s-575B.champsimtrace.xz,319,77.805,10787,2630.976
mix32,mix32_8,8,644.nab_s-12459B.champsimtrace.xz,0,0.0,22980,5604.878
mix32,mix32_8,9,648.exchange2_s-1227B.champsimtrace.xz,278,67.805,0,0.0
mix32,mix32_8,10,623.xalancbmk_s-592B.champsimtrace.xz,27,6.585,27992,6827.317
mix32,mix32_8,11,607.cactuBSSN_s-2421B.champsimtrace.xz,0,0.0,4337,1057.805
mix32,mix32_8,12,654.roms_s-1021B.champsimtrace.xz,63,15.366,10252,2500.488
mix32,mix32_8,13,623.xalancbmk_s-700B.champsimtrace.xz,0,0.0,27346,6669.756
mix32,mix32_8,14,644.nab_s-12459B.champsimtrace.xz,176,42.927,23120,5639.024
mix32,mix32_8,15,644.nab_s-12521B.champsimtrace.xz,126,30.732,18292,4461.463
mix32,mix32_8,17,641.leela_s-862B.champsimtrace.xz,358,87.317,3865,942.683
mix32,mix32_8,18,641.leela_s-334B.champsimtrace.xz,342,83.415,21128,5153.171
mix32,mix32_8,19,654.roms_s-842B.champsimtrace.xz,369,90.0,15970,3895.122
mix32,mix32_8,20,621.wrf_s-8100B.champsimtrace.xz,440,107.317,20603,5025.122
mix32,mix32_8,21,648.exchange2_s-1511B.champsimtrace.xz,197,48.049,0,0.0
mix32,mix32_8,22,623.xalancbmk_s-592B.champsimtrace.xz,0,0.0,27842,6790.732
mix32,mix32_8,23,628.pop2_s-17B.champsimtrace.xz,359,87.561,26165,6381.707
mix32,mix32_8,25,625.x264_s-20B.champsimtrace.xz,446,108.78,16382,3995.61
mix32,mix32_8,26,625.x264_s-33B.champsimtrace.xz,191,46.585,20434,4983.902
mix32,mix32_8,27,648.exchange2_s-1712B.champsimtrace.xz,196,47.805,0,0.0
mix32,mix32_8,28,603.bwaves_s-3699B.champsimtrace.xz,526,128.293,25877,6311.463
mix32,mix32_8,29,638.imagick_s-824B.champsimtrace.xz,666,162.439,32222,7859.024
mix32,mix32_9,0,603.bwaves_s-3699B.champsimtrace.xz,532,129.756,24424,5957.073
mix32,mix32_9,1,623.xalancbmk_s-325B.champsimtrace.xz,82,20.0,27316,6662.439
mix32,mix32_9,2,625.x264_s-12B.champsimtrace.xz,333,81.22,23681,5775.854
mix32,mix32_9,3,654.roms_s-842B.champsimtrace.xz,376,91.707,19022,4639.512
mix32,mix32_9,4,654.roms_s-1021B.champsimtrace.xz,56,13.659,10125,2469.512
mix32,mix32_9,5,654.roms_s-1007B.champsimtrace.xz,366,89.268,12954,3159.512
mix32,mix32_9,6,627.cam4_s-573B.champsimtrace.xz,97,23.659,25671,6261.22
mix32,mix32_9,8,648.exchange2_s-72B.champsimtrace.xz,197,48.049,0,0.0
mix32,mix32_9,9,648.exchange2_s-1247B.champsimtrace.xz,196,47.805,0,0.0
mix32,mix32_9,10,644.nab_s-12521B.champsimtrace.xz,270,65.854,26845,6547.561
mix32,mix32_9,12,644.nab_s-7928B.champsimtrace.xz,181,44.146,2045,498.78
mix32,mix32_9,13,600.perlbench_s-1273B.champsimtrace.xz,131,31.951,11441,2790.488
mix32,mix32_9,14,648.exchange2_s-584B.champsimtrace.xz,188,45.854,0,0.0
mix32,mix32_9,15,625.x264_s-20B.champsimtrace.xz,11,2.683,10141,2473.415
mix32,mix32_9,17,654.roms_s-842B.champsimtrace.xz,372,90.732,19085,4654.878
mix32,mix32_9,18,607.cactuBSSN_s-3477B.champsimtrace.xz,0,0.0,5651,1378.293
mix32,mix32_9,19,607.cactuBSSN_s-2421B.champsimtrace.xz,0,0.0,4708,1148.293
mix32,mix32_9,20,607.cactuBSSN_s-2421B.champsimtrace.xz,0,0.0,4863,1186.098
mix32,mix32_9,21,641.leela_s-800B.champsimtrace.xz,140,34.146,23299,5682.683
mix32,mix32_9,22,625.x264_s-12B.champsimtrace.xz,441,107.561,23369,5699.756
mix32,mix32_9,23,644.nab_s-12521B.champsimtrace.xz,266,64.878,26935,6569.512
mix32,mix32_9,24,648.exchange2_s-1511B.champsimtrace.xz,197,48.049,0,0.0
mix32,mix32_9,25,621.wrf_s-8100B.champsimtrace.xz,186,45.366,20615,5028.049
mix32,mix32_9,26,644.nab_s-5853B.champsimtrace.xz,64,15.61,1090,265.854
mix32,mix32_9,27,625.x264_s-12B.champsimtrace.xz,303,73.902,23593,5754.39
mix32,mix32_9,28,641.leela_s-1083B.champsimtrace.xz,177,43.171,20271,4944.146
mix32,mix32_9,29,654.roms_s-1613B.champsimtrace.xz,370,90.244,19279,4702.195
mix32,mix32_9,30,649.fotonik3d_s-1B.champsimtrace.xz,514,125.366,28102,6854.146
mix32,mix32_9,31,603.bwaves_s-5359B.champsimtrace.xz,584,142.439,29967,7309.024
mix16,mix16_1,0,644.nab_s-7928B.champsimtrace.xz,179,52.647,1927,566.765
mix16,mix16_1,1,600.perlbench_s-210B.champsimtrace.xz,94,27.647,3278,964.118
mix16,mix16_1,2,625.x264_s-12B.champsimtrace.xz,460,135.294,14556,4281.176
mix16,mix16_1,3,623.xalancbmk_s-325B.champsimtrace.xz,120,35.294,14568,4284.706
mix16,mix16_1,4,648.exchange2_s-1699B.champsimtrace.xz,197,57.941,5,1.471
mix16,mix16_1,5,648.exchange2_s-1227B.champsimtrace.xz,252,74.118,63,18.529
mix16,mix16_1,6,654.roms_s-1021B.champsimtrace.xz,63,18.529,9125,2683.824
mix16,mix16_1,7,603.bwaves_s-5359B.champsimtrace.xz,587,172.647,19572,5756.471
mix16,mix16_1,9,600.perlbench_s-210B.champsimtrace.xz,97,28.529,3251,956.176
mix16,mix16_1,10,623.xalancbmk_s-325B.champsimtrace.xz,60,17.647,14639,4305.588
mix16,mix16_1,11,641.leela_s-149B.champsimtrace.xz,332,97.647,13551,3985.588
mix16,mix16_1,12,600.perlbench_s-210B.champsimtrace.xz,98,28.824,3239,952.647
mix16,mix16_1,13,621.wrf_s-8100B.champsimtrace.xz,112,32.941,13406,3942.941
mix16,mix16_1,14,644.nab_s-7928B.champsimtrace.xz,176,51.765,1967,578.529
mix16,mix16_1,15,641.leela_s-602B.champsimtrace.xz,307,90.294,13221,3888.529
mix16,mix16_10,1,623.xalancbmk_s-325B.champsimtrace.xz,115,33.824,17053,5015.588
mix16,mix16_10,2,641.leela_s-602B.champsimtrace.xz,300,88.235,13103,3853.824
mix16,mix16_10,3,648.exchange2_s-1699B.champsimtrace.xz,197,57.941,5,1.471
mix16,mix16_10,4,621.wrf_s-8100B.champsimtrace.xz,206,60.588,13118,3858.235
mix16,mix16_10,5,625.x264_s-33B.champsimtrace.xz,224,65.882,12922,3800.588
mix16,mix16_10,7,644.nab_s-7928B.champsimtrace.xz,170,50.0,1595,469.118
mix16,mix16_10,8,638.imagick_s-4128B.champsimtrace.xz,107,31.471,1086,319.412
mix16,mix16_10,9,641.leela_s-334B.champsimtrace.xz,318,93.529,14328,4214.118
mix16,mix16_10,10,607.cactuBSSN_s-3477B.champsimtrace.xz,0,0.0,3093,909.706
mix16,mix16_10,11,623.xalancbmk_s-592B.champsimtrace.xz,5,1.471,15766,4637.059
mix16,mix16_10,12,625.x264_s-39B.champsimtrace.xz,27,7.941,8899,2617.353
mix16,mix16_10,13,644.nab_s-12459B.champsimtrace.xz,85,25.0,11658,3428.824
mix16,mix16_10,14,623.xalancbmk_s-592B.champsimtrace.xz,91,26.765,16297,4793.235
mix16,mix16_10,15,623.xalancbmk_s-325B.champsimtrace.xz,123,36.176,16996,4998.824
mix16,mix16_2,0,623.xalancbmk_s-325B.champsimtrace.xz,81,23.824,14703,4324.412
mix16,mix16_2,1,644.nab_s-12459B.champsimtrace.xz,0,0.0,11267,3313.824
mix16,mix16_2,2,648.exchange2_s-387B.champsimtrace.xz,196,57.647,4,1.176
mix16,mix16_2,3,600.perlbench_s-1273B.champsimtrace.xz,348,102.353,7058,2075.882
mix16,mix16_2,4,648.exchange2_s-387B.champsimtrace.xz,196,57.647,4,1.176
mix16,mix16_2,5,648.exchange2_s-1247B.champsimtrace.xz,196,57.647,4,1.176
mix16,mix16_2,6,625.x264_s-39B.champsimtrace.xz,165,48.529,7848,2308.235
mix16,mix16_2,8,657.xz_s-3167B.champsimtrace.xz,364,107.059,17436,5128.235
mix16,mix16_2,9,625.x264_s-39B.champsimtrace.xz,143,42.059,7428,2184.706
mix16,mix16_2,10,603.bwaves_s-5359B.champsimtrace.xz,580,170.588,19555,5751.471
mix16,mix16_2,11,603.bwaves_s-5359B.champsimtrace.xz,580,170.588,19732,5803.529
mix16,mix16_2,12,649.fotonik3d_s-1B.champsimtrace.xz,526,154.706,19152,5632.941
mix16,mix16_2,13,644.nab_s-12521B.champsimtrace.xz,65,19.118,710,208.824
mix16,mix16_2,14,648.exchange2_s-387B.champsimtrace.xz,196,57.647,4,1.176
mix16,mix16_2,15,648.exchange2_s-1699B.champsimtrace.xz,198,58.235,5,1.471
mix16,mix16_3,0,641.leela_s-602B.champsimtrace.xz,332,97.647,12600,3705.882
mix16,mix16_3,1,657.xz_s-4994B.champsimtrace.xz,441,129.706,18396,5410.588
mix16,mix16_3,2,627.cam4_s-573B.champsimtrace.xz,170,50.0,18518,5446.471
mix16,mix16_3,3,641.leela_s-800B.champsimtrace.xz,100,29.412,12347,3631.471
mix16,mix16_3,4,648.exchange2_s-72B.champsimtrace.xz,197,57.941,5,1.471
mix16,mix16_3,5,644.nab_s-12521B.champsimtrace.xz,262,77.059,13019,3829.118
mix16,mix16_3,6,649.fotonik3d_s-1B.champsimtrace.xz,517,152.059,19644,5777.647
mix16,mix16_3,7,641.leela_s-862B.champsimtrace.xz,127,37.353,3553,1045.0
mix16,mix16_3,8,648.exchange2_s-1247B.champsimtrace.xz,196,57.647,4,1.176
mix16,mix16_3,9,600.perlbench_s-570B.champsimtrace.xz,169,49.706,6776,1992.941
mix16,mix16_3,10,623.xalancbmk_s-592B.champsimtrace.xz,0,0.0,15824,4654.118
mix16,mix16_3,11,625.x264_s-18B.champsimtrace.xz,258,75.882,9823,2889.118
mix16,mix16_3,12,603.bwaves_s-3699B.champsimtrace.xz,518,152.353,18770,5520.588
mix16,mix16_3,13,623.xalancbmk_s-592B.champsimtrace.xz,124,36.471,16043,4718.529
mix16,mix16_3,14,603.bwaves_s-5359B.champsimtrace.xz,581,170.882,19506,5737.059
mix16,mix16_3,15,625.x264_s-18B.champsimtrace.xz,209,61.471,9890,2908.824
mix16,mix16_4,0,644.nab_s-5853B.champsimtrace.xz,127,37.353,1055,310.294
mix16,mix16_4,1,627.cam4_s-573B.champsimtrace.xz,168,49.412,14832,4362.353
mix16,mix16_4,2,627.cam4_s-573B.champsimtrace.xz,225,66.176,14593,4292.059
mix16,mix16_4,3,623.xalancbmk_s-325B.champsimtrace.xz,59,17.353,14510,4267.647
mix16,mix16_4,4,625.x264_s-12B.champsimtrace.xz,456,134.118,14282,4200.588
mix16,mix16_4,5,654.roms_s-842B.champsimtrace.xz,381,112.059,8215,2416.176
mix16,mix16_4,6,644.nab_s-7928B.champsimtrace.xz,179,52.647,1889,555.588
mix16,mix16_4,7,644.nab_s-12521B.champsimtrace.xz,53,15.588,864,254.118
mix16,mix16_4,9,648.exchange2_s-1699B.champsimtrace.xz,197,57.941,5,1.471
mix16,mix16_4,11,628.pop2_s-17B.champsimtrace.xz,376,110.588,9066,2666.471
mix16,mix16_4,13,644.nab_s-7928B.champsimtrace.xz,163,47.941,1829,537.941
mix16,mix16_4,14,641.leela_s-800B.champsimtrace.xz,132,38.824,11727,3449.118
mix16,mix16_4,15,648.exchange2_s-1227B.champsimtrace.xz,252,74.118,61,17.941
mix16,mix16_5,0,648.exchange2_s-72B.champsimtrace.xz,197,57.941,5,1.471
mix16,mix16_5,1,648.exchange2_s-353B.champsimtrace.xz,197,57.941,5,1.471
mix16,mix16_5,2,623.xalancbmk_s-592B.champsimtrace.xz,0,0.0,16156,4751.765
mix16,mix16_5,3,600.perlbench_s-210B.champsimtrace.xz,137,40.294,8663,2547.941
mix16,mix16_5,4,625.x264_s-33B.champsimtrace.xz,0,0.0,14055,4133.824
mix16,mix16_5,5,625.x264_s-12B.champsimtrace.xz,210,61.765,13291,3909.118
mix16,mix16_5,6,623.xalancbmk_s-325B.champsimtrace.xz,169,49.706,17957,5281.471
mix16,mix16_5,7,654.roms_s-842B.champsimtrace.xz,377,110.882,8110,2385.294
mix16,mix16_5,8,654.roms_s-1007B.champsimtrace.xz,366,107.647,9846,2895.882
mix16,mix16_5,9,625.x264_s-33B.champsimtrace.xz,0,0.0,14388,4231.765
mix16,mix16_5,11,628.pop2_s-17B.champsimtrace.xz,312,91.765,14747,4337.353
mix16,mix16_5,12,654.roms_s-293B.champsimtrace.xz,66,19.412,310,91.176
mix16,mix16_5,13,638.imagick_s-824B.champsimtrace.xz,669,196.765,20187,5937.353
mix16,mix16_5,14,625.x264_s-12B.champsimtrace.xz,403,118.529,13525,3977.941
mix16,mix16_5,15,623.xalancbmk_s-700B.champsimtrace.xz,0,0.0,15556,4575.294
mix16,mix16_6,0,641.leela_s-800B.champsimtrace.xz,124,36.471,12255,3604.412
mix16,mix16_6,1,625.x264_s-12B.champsimtrace.xz,153,45.0,14256,4192.941
mix16,mix16_6,2,641.leela_s-862B.champsimtrace.xz,176,51.765,3497,1028.529
mix16,mix16_6,3,654.roms_s-1613B.champsimtrace.xz,375,110.294,11236,3304.706
mix16,mix16_6,4,631.deepsjeng_s-928B.champsimtrace.xz,173,50.882,15404,4530.588
mix16,mix16_6,5,623.xalancbmk_s-325B.champsimtrace.xz,0,0.0,16171,4756.176
mix16,mix16_6,7,641.leela_s-149B.champsimtrace.xz,301,88.529,13849,4073.235
mix16,mix16_6,8,603.bwaves_s-5359B.champsimtrace.xz,584,171.765,19597,5763.824
mix16,mix16_6,9,600.perlbench_s-570B.champsimtrace.xz,168,49.412,7476,2198.824
mix16,mix16_6,10,607.cactuBSSN_s-2421B.champsimtrace.xz,0,0.0,2829,832.059
mix16,mix16_6,11,644.nab_s-5853B.champsimtrace.xz,119,35.0,987,290.294
mix16,mix16_6,12,648.exchange2_s-353B.champsimtrace.xz,197,57.941,5,1.471
mix16,mix16_6,14,603.bwaves_s-1080B.champsimtrace.xz,577,169.706,19615,5769.118
mix16,mix16_6,15,628.pop2_s-17B.champsimtrace.xz,356,104.706,10725,3154.412
mix16,mix16_7,1,641.leela_s-334B.champsimtrace.xz,334,98.235,14377,4228.529
mix16,mix16_7,2,657.xz_s-4994B.champsimtrace.xz,288,84.706,17837,5246.176
mix16,mix16_7,3,649.fotonik3d_s-1B.champsimtrace.xz,518,152.353,19461,5723.824
mix16,mix16_7,4,600.perlbench_s-1273B.champsimtrace.xz,107,31.471,8293,2439.118
mix16,mix16_7,5,648.exchange2_s-1511B.champsimtrace.xz,197,57.941,5,1.471
mix16,mix16_7,6,648.exchange2_s-1227B.champsimtrace.xz,252,74.118,62,18.235
mix16,mix16_7,7,641.leela_s-602B.champsimtrace.xz,268,78.824,13292,3909.412
mix16,mix16_7,8,625.x264_s-12B.champsimtrace.xz,313,92.059,12108,3561.176
mix16,mix16_7,9,644.nab_s-7928B.champsimtrace.xz,171,50.294,1713,503.824
mix16,mix16_7,10,607.cactuBSSN_s-2421B.champsimtrace.xz,0,0.0,2864,842.353
mix16,mix16_7,11,638.imagick_s-4128B.champsimtrace.xz,108,31.765,1039,305.588
mix16,mix16_7,12,638.imagick_s-824B.champsimtrace.xz,667,196.176,20184,5936.471
mix16,mix16_7,13,657.xz_s-3167B.champsimtrace.xz,376,110.588,17351,5103.235
mix16,mix16_7,14,654.roms_s-1007B.champsimtrace.xz,362,106.471,8234,2421.765
mix16,mix16_7,15,625.x264_s-12B.champsimtrace.xz,79,23.235,12770,3755.882
mix16,mix16_8,0,641.leela_s-149B.champsimtrace.xz,285,83.824,14033,4127.353
mix16,mix16_8,1,621.wrf_s-575B.champsimtrace.xz,438,128.824,5708,1678.824
mix16,mix16_8,2,654.roms_s-1613B.champsimtrace.xz,371,109.118,9985,2936.765
mix16,mix16_8,3,654.roms_s-1007B.champsimtrace.xz,370,108.824,8050,2367.647
mix16,mix16_8,4,625.x264_s-20B.champsimtrace.xz,10,2.941,3315,975.0
mix16,mix16_8,5,644.nab_s-7928B.champsimtrace.xz,151,44.412,1576,463.529
mix16,mix16_8,6,644.nab_s-12521B.champsimtrace.xz,314,92.353,2732,803.529
mix16,mix16_8,7,607.cactuBSSN_s-4004B.champsimtrace.xz,4,1.176,3243,953.824
mix16,mix16_8,8,648.exchange2_s-210B.champsimtrace.xz,196,57.647,4,1.176
mix16,mix16_8,9,641.leela_s-602B.champsimtrace.xz,271,79.706,13500,3970.588
mix16,mix16_8,10,648.exchange2_s-353B.champsimtrace.xz,197,57.941,5,1.471
mix16,mix16_8,11,641.leela_s-334B.champsimtrace.xz,349,102.647,14620,4300.0
mix16,mix16_8,12,600.perlbench_s-1273B.champsimtrace.xz,107,31.471,8218,2417.059
mix16,mix16_8,13,625.x264_s-33B.champsimtrace.xz,427,125.588,12787,3760.882
mix16,mix16_8,14,600.perlbench_s-210B.champsimtrace.xz,151,44.412,4771,1403.235
mix16,mix16_8,15,654.roms_s-293B.champsimtrace.xz,68,20.0,215,63.235
mix16,mix16_9,0,654.roms_s-1007B.champsimtrace.xz,359,105.588,7954,2339.412
mix16,mix16_9,1,648.exchange2_s-72B.champsimtrace.xz,197,57.941,5,1.471
mix16,mix16_9,2,625.x264_s-20B.champsimtrace.xz,5,1.471,3084,907.059
mix16,mix16_9,3,603.bwaves_s-1080B.champsimtrace.xz,580,170.588,18870,5550.0
mix16,mix16_9,4,654.roms_s-1007B.champsimtrace.xz,360,105.882,7937,2334.412
mix16,mix16_9,5,654.roms_s-842B.champsimtrace.xz,306,90.0,11446,3366.471
mix16,mix16_9,6,603.bwaves_s-3699B.champsimtrace.xz,527,155.0,18627,5478.529
mix16,mix16_9,7,641.leela_s-1083B.champsimtrace.xz,253,74.412,11542,3394.706
mix16,mix16_9,8,603.bwaves_s-3699B.champsimtrace.xz,527,155.0,18538,5452.353
mix16,mix16_9,9,648.exchange2_s-210B.champsimtrace.xz,196,57.647,4,1.176
mix16,mix16_9,10,648.exchange2_s-210B.champsimtrace.xz,196,57.647,4,1.176
mix16,mix16_9,11,607.cactuBSSN_s-3477B.champsimtrace.xz,0,0.0,3090,908.824
mix16,mix16_9,12,641.leela_s-1052B.champsimtrace.xz,190,55.882,2405,707.353
mix16,mix16_9,13,641.leela_s-602B.champsimtrace.xz,288,84.706,13069,3843.824
mix16,mix16_9,14,625.x264_s-12B.champsimtrace.xz,0,0.0,13501,3970.882
mix16,mix16_9,15,654.roms_s-1007B.champsimtrace.xz,357,105.0,7872,2315.294
